index,model_id,cluster_id,family,cluster_size_json,cluster_size_clean,base_model,in_llm_dna_305
1,01-ai/Yi-6B,28,Yi-6B,1,1,,true
2,01-ai/Yi-6B-200K,29,Yi-6B-200K,1,1,,true
3,01-ai/Yi-6B-Chat,30,Yi-6B-Chat,1,1,,true
4,AdaptLLM/medicine-LLM,31,medicine-LLM,1,1,,true
5,AiMavenAi/AiMaven-Prometheus,32,AiMaven-Prometheus,1,1,,false
6,Aurore-Reveil/Koto-Small-7B-IT,9,MiMo-7B-Base,3,3,allura-org/Koto-Small-7B-PT,true
7,BioMistral/BioMistral-7B,15,BioMistral-7B,2,2,,true
8,BioMistral/BioMistral-7B-DARE,15,BioMistral-7B,2,2,BioMistral/BioMistral-7B,true
9,Biomimicry-AI/ANIMA-Nectar-v2,33,ANIMA-Nectar-v2,1,1,,true
10,ByteDance-Seed/Seed-Coder-8B-Base,16,Seed-Coder-8B-Base,2,2,,false
11,ByteDance-Seed/Seed-Coder-8B-Instruct,16,Seed-Coder-8B-Base,2,2,ByteDance-Seed/Seed-Coder-8B-Base,true
12,ChrisMcCormick/deepseek-tiny-v0.1,34,deepseek-tiny-v0.1,1,1,,true
13,CorticalStack/pastiche-crown-clown-7b-dare,17,pastiche-crown-clown-7b-dare,2,2,,false
14,CorticalStack/pastiche-crown-clown-7b-dare-dpo,17,pastiche-crown-clown-7b-dare,2,2,CorticalStack/pastiche-crown-clown-7b-dare,true
15,CultriX/NeuralTrix-7B-dpo,4,UNA-TheBeagle-7b-v1,8,8,mlabonne/OmniBeagle-7B,false
16,CultriX/NeuralTrix-bf16,35,NeuralTrix-bf16,1,1,bardsai/jaskier-7b-dpo-v3.3,true
17,DavidAU/Qwen3-Horror-Instruct-Uncensored-262K-ctx-4B,36,Qwen3-Horror-Instruct-Uncensored-262K-ctx-4B,1,1,Goekdeniz-Guelmez/Josiefied-Qwen3-4B-Instruct-2507-gabliterated-v1,true
18,DeepHat/DeepHat-V1-7B,1,Qwen2.5-7B,17,17,Qwen/Qwen2.5-Coder-7B,true
19,EleutherAI/gpt-neo-1.3B,37,gpt-neo-1.3B,1,1,,true
20,EleutherAI/polyglot-ko-3.8b,38,polyglot-ko-3.8b,1,1,,true
21,EleutherAI/pythia-1.4b,39,pythia-1.4b,1,1,,true
22,EleutherAI/pythia-1b,40,pythia-1b,1,1,,true
23,EleutherAI/pythia-2.8b,41,pythia-2.8b,1,1,,true
24,EleutherAI/pythia-6.9b,42,pythia-6.9b,1,1,,true
25,FelixChao/Sectumsempra-7B-DPO,43,Sectumsempra-7B-DPO,1,1,,false
26,FelixChao/vicuna-7B-chemical,44,vicuna-7B-chemical,1,1,,true
27,FelixChao/vicuna-7B-physics,45,vicuna-7B-physics,1,1,,true
28,Gensyn/Qwen2.5-1.5B-Instruct,3,Qwen2.5-1.5B,14,14,Qwen/Qwen2.5-1.5B,false
29,Gensyn/Qwen2.5-7B-Instruct,1,Qwen2.5-7B,17,17,Qwen/Qwen2.5-7B-Instruct,false
30,HuggingFaceH4/zephyr-7b-beta,6,Mistral-7B-v0.1,5,5,mistralai/Mistral-7B-v0.1,true
31,HuggingFaceTB/SmolLM-135M,46,SmolLM-135M,1,1,,true
32,HuggingFaceTB/SmolLM2-135M,47,SmolLM2-135M,1,1,,true
33,HuggingFaceTB/SmolLM3-3B,18,SmolLM3-3B-Base,2,2,HuggingFaceTB/SmolLM3-3B-Base,true
34,HuggingFaceTB/SmolLM3-3B-Base,18,SmolLM3-3B-Base,2,2,,false
35,INSAIT-Institute/BgGPT-Gemma-2-2.6B-IT-v1.0,10,gemma-2-2b-it,3,3,google/gemma-2-2b-it,false
36,Intel/neural-chat-7b-v3-1,6,Mistral-7B-v0.1,5,5,mistralai/Mistral-7B-v0.1,false
37,Intel/neural-chat-7b-v3-3,6,Mistral-7B-v0.1,5,5,Intel/neural-chat-7b-v3-1,true
38,Jurema-br/Jurema-7B,1,Qwen2.5-7B,17,17,Qwen/Qwen2.5-7B-Instruct,false
39,KoboldAI/GPT-Neo-2.7B-Horni-LN,48,GPT-Neo-2.7B-Horni-LN,1,1,,true
40,LGAI-EXAONE/EXAONE-4.0-1.2B,49,EXAONE-4.0-1.2B,1,1,,true
41,LiquidAI/LFM2-1.2B,50,LFM2-1.2B,1,1,,true
42,LiquidAI/LFM2-350M,51,LFM2-350M,1,1,,true
43,Menlo/ReZero-v0.1-llama-3.2-3b-it-grpo-250404,5,Llama-3.2-3B-Instruct,6,6,meta-llama/Llama-3.2-3B-Instruct,false
44,Nexusflow/Starling-LM-7B-beta,52,Starling-LM-7B-beta,1,1,,true
45,NinedayWang/PolyCoder-2.7B,53,PolyCoder-2.7B,1,1,,true
46,NousResearch/Hermes-3-Llama-3.1-8B,2,Meta-Llama-3.1-8B,16,16,meta-llama/Llama-3.1-8B,false
47,PharMolix/BioMedGPT-LM-7B,54,BioMedGPT-LM-7B,1,1,,true
48,PowerInfer/SmallThinker-3B-Preview,11,Qwen2.5-3B,3,3,Qwen/Qwen2.5-3B-Instruct,false
49,PygmalionAI/pygmalion-2.7b,55,pygmalion-2.7b,1,1,,true
50,Qwen/Qwen1.5-0.5B-Chat,56,Qwen1.5-0.5B-Chat,1,1,,true
51,Qwen/Qwen1.5-4B-Chat,57,Qwen1.5-4B-Chat,1,1,,true
52,Qwen/Qwen2-0.5B,19,Qwen2-0.5B,2,2,,false
53,Qwen/Qwen2-0.5B-Instruct,19,Qwen2-0.5B,2,2,Qwen/Qwen2-0.5B,true
54,Qwen/Qwen2-7B,20,Qwen2-7B,2,2,,false
55,Qwen/Qwen2-7B-Instruct,20,Qwen2-7B,2,2,Qwen/Qwen2-7B,true
56,Qwen/Qwen2.5-0.5B,12,Qwen2.5-0.5B,3,3,,false
57,Qwen/Qwen2.5-0.5B-Instruct,12,Qwen2.5-0.5B,3,3,Qwen/Qwen2.5-0.5B,true
58,Qwen/Qwen2.5-1.5B,3,Qwen2.5-1.5B,14,14,,true
59,Qwen/Qwen2.5-1.5B-Instruct,3,Qwen2.5-1.5B,14,14,Qwen/Qwen2.5-1.5B,true
60,Qwen/Qwen2.5-3B,11,Qwen2.5-3B,3,3,,false
61,Qwen/Qwen2.5-3B-Instruct,11,Qwen2.5-3B,3,3,Qwen/Qwen2.5-3B,true
62,Qwen/Qwen2.5-7B,1,Qwen2.5-7B,17,17,,true
63,Qwen/Qwen2.5-7B-Instruct,1,Qwen2.5-7B,17,17,Qwen/Qwen2.5-7B,true
64,Qwen/Qwen2.5-7B-Instruct-1M,1,Qwen2.5-7B,17,17,Qwen/Qwen2.5-7B,false
65,Qwen/Qwen2.5-Coder-0.5B-Instruct,58,Qwen2.5-Coder-0.5B-Instruct,1,1,Qwen/Qwen2.5-Coder-0.5B,false
66,Qwen/Qwen2.5-Coder-1.5B,3,Qwen2.5-1.5B,14,14,Qwen/Qwen2.5-1.5B,false
67,Qwen/Qwen2.5-Coder-1.5B-Instruct,3,Qwen2.5-1.5B,14,14,Qwen/Qwen2.5-Coder-1.5B,false
68,Qwen/Qwen2.5-Coder-7B,1,Qwen2.5-7B,17,17,Qwen/Qwen2.5-7B,true
69,Qwen/Qwen2.5-Coder-7B-Instruct,1,Qwen2.5-7B,17,17,Qwen/Qwen2.5-Coder-7B,true
70,Qwen/Qwen2.5-Math-1.5B,3,Qwen2.5-1.5B,14,14,Qwen/Qwen2.5-1.5B,false
71,Qwen/Qwen2.5-Math-1.5B-Instruct,3,Qwen2.5-1.5B,14,14,Qwen/Qwen2.5-Math-1.5B,true
72,Qwen/Qwen2.5-Math-7B,1,Qwen2.5-7B,17,17,Qwen/Qwen2.5-7B,false
73,Qwen/Qwen2.5-Math-7B-Instruct,1,Qwen2.5-7B,17,17,Qwen/Qwen2.5-Math-7B,true
74,Qwen/Qwen3-0.6B,21,Qwen3-0.6B-Base,2,2,Qwen/Qwen3-0.6B-Base,true
75,Qwen/Qwen3-0.6B-Base,21,Qwen3-0.6B-Base,2,2,,false
76,Qwen/Qwen3-1.7B,7,Qwen3-1.7B-Base,5,5,Qwen/Qwen3-1.7B-Base,true
77,Qwen/Qwen3-1.7B-Base,7,Qwen3-1.7B-Base,5,5,,false
78,Qwen/Qwen3-4B,13,Qwen3-4B-Base,3,3,Qwen/Qwen3-4B-Base,true
79,Qwen/Qwen3-4B-Base,13,Qwen3-4B-Base,3,3,,false
80,Qwen/Qwen3-4B-Instruct-2507,22,Qwen3-4B-Instruct-2507,2,2,,true
81,Qwen/Qwen3-4B-Thinking-2507,8,Qwen3-4B-Thinking-2507,4,4,,true
82,Qwen/Qwen3-4B-Thinking-2507-FP8,8,Qwen3-4B-Thinking-2507,4,4,Qwen/Qwen3-4B-Thinking-2507,true
83,S4nfs/Neeto-1.0-8b,59,Neeto-1.0-8b,1,1,,true
84,SakanaAI/TinySwallow-1.5B,3,Qwen2.5-1.5B,14,14,Qwen/Qwen2.5-1.5B-Instruct,false
85,SciPhi/SciPhi-Mistral-7B-32k,60,SciPhi-Mistral-7B-32k,1,1,,true
86,SciPhi/SciPhi-Self-RAG-Mistral-7B-32k,61,SciPhi-Self-RAG-Mistral-7B-32k,1,1,,true
87,Tesslate/UIGEN-X-4B-0729,13,Qwen3-4B-Base,3,3,Qwen/Qwen3-4B,true
88,Tesslate/WEBGEN-4B-Preview,22,Qwen3-4B-Instruct-2507,2,2,Qwen/Qwen3-4B-Instruct-2507,true
89,TheOneWhoWill/Bootstrap-LLM,62,Bootstrap-LLM,1,1,,true
90,TinyLlama/TinyLlama-1.1B-Chat-v0.5,63,TinyLlama-1.1B-Chat-v0.5,1,1,,true
91,TinyLlama/TinyLlama-1.1B-Chat-v1.0,64,TinyLlama-1.1B-Chat-v1.0,1,1,,true
92,TinyLlama/TinyLlama-1.1B-intermediate-step-1431k-3T,65,TinyLlama-1.1B-intermediate-step-1431k-3T,1,1,,true
93,TinyLlama/TinyLlama_v1.1,66,TinyLlama_v1.1,1,1,,true
94,TinyLlama/TinyLlama_v1.1_math_code,67,TinyLlama_v1.1_math_code,1,1,,true
95,Writer/palmyra-mini,3,Qwen2.5-1.5B,14,14,Qwen/Qwen2.5-1.5B,false
96,XiaomiMiMo/MiMo-7B-Base,9,MiMo-7B-Base,3,3,,false
97,abocide/Qwen2.5-7B-Instruct-R1-forfinance,1,Qwen2.5-7B,17,17,Qwen/Qwen2.5-7B-Instruct,true
98,acon96/Home-Llama-3.2-3B,5,Llama-3.2-3B-Instruct,6,6,meta-llama/Llama-3.2-3B-Instruct,false
99,adamo1139/Apertus-8B-Instruct-2509-ungated,23,Apertus-8B-2509,2,2,swiss-ai/Apertus-8B-2509,true
100,aisingapore/Llama-SEA-LION-v3-8B,2,Meta-Llama-3.1-8B,16,16,meta-llama/Llama-3.1-8B-Instruct,false
101,allenai/Llama-3.1-Tulu-3-8B-SFT,2,Meta-Llama-3.1-8B,16,16,meta-llama/Llama-3.1-8B,false
102,allenai/OLMoE-1B-7B-0924,68,OLMoE-1B-7B-0924,1,1,,true
103,allenai/llama-3.1-tulu-2-8b,2,Meta-Llama-3.1-8B,16,16,meta-llama/Llama-3.1-8B,false
104,allura-org/Koto-Small-7B-PT,9,MiMo-7B-Base,3,3,XiaomiMiMo/MiMo-7B-Base,false
105,arcee-ai/Llama-3.1-SuperNova-Lite,2,Meta-Llama-3.1-8B,16,16,meta-llama/Llama-3.1-8B-Instruct,false
106,arcee-ai/Meraj-Mini,1,Qwen2.5-7B,17,17,Qwen/Qwen2.5-7B-Instruct,false
107,argilla/distilabeled-Marcoro14-7B-slerp,24,Marcoro14-7B-slerp,2,2,mlabonne/Marcoro14-7B-slerp,false
108,askfjhaskjgh/UbermenschetienASI,2,Meta-Llama-3.1-8B,16,16,NousResearch/Hermes-3-Llama-3.1-8B,true
109,augmxnt/shisa-base-7b-v1,69,shisa-base-7b-v1,1,1,,true
110,bardsai/jaskier-7b-dpo-v5.6,70,jaskier-7b-dpo-v5.6,1,1,,true
111,berkeley-nest/Starling-LM-7B-alpha,71,Starling-LM-7B-alpha,1,1,,true
112,beruniy/Llama-3.2-3B-Instruct-Uz,5,Llama-3.2-3B-Instruct,6,6,meta-llama/Llama-3.2-3B-Instruct,true
113,beyoru/Luna,72,Luna,1,1,,true
114,bigcode/starcoder2-3b,73,starcoder2-3b,1,1,,true
115,bigscience/bloom-560m,74,bloom-560m,1,1,,true
116,bigscience/bloomz-1b1,75,bloomz-1b1,1,1,,true
117,bigscience/bloomz-1b7,76,bloomz-1b7,1,1,,true
118,bigscience/bloomz-560m,77,bloomz-560m,1,1,,true
119,bxod/Llama-3.2-1B-Instruct-uz,14,Llama-3.2-1B-Instruct,3,3,meta-llama/Llama-3.2-1B-Instruct,true
120,chatitcloud/UZI1,25,gemma-3-270m,2,2,google/gemma-3-270m,true
121,context-labs/Meta-Llama-3.1-8B-Instruct-FP16,2,Meta-Llama-3.1-8B,16,16,meta-llama/Llama-3.1-8B,false
122,continuedev/instinct,1,Qwen2.5-7B,17,17,Qwen/Qwen2.5-Coder-7B,true
123,cooperleong00/Qwen2.5-7B-Instruct-Jailbroken,1,Qwen2.5-7B,17,17,Qwen/Qwen2.5-7B-Instruct,false
124,deepseek-ai/DeepSeek-R1-Distill-Llama-8B,78,DeepSeek-R1-Distill-Llama-8B,1,1,,true
125,deepseek-ai/DeepSeek-R1-Distill-Qwen-1.5B,79,DeepSeek-R1-Distill-Qwen-1.5B,1,1,,true
126,deepseek-ai/DeepSeek-R1-Distill-Qwen-7B,80,DeepSeek-R1-Distill-Qwen-7B,1,1,,true
127,deepseek-ai/deepseek-coder-1.3b-base,81,deepseek-coder-1.3b-base,1,1,,true
128,dicta-il/dictalm2.0,82,dictalm2.0,1,1,,true
129,dnotitia/Smoothie-Qwen3-1.7B,7,Qwen3-1.7B-Base,5,5,Qwen/Qwen3-1.7B,false
130,dphn/Dolphin3.0-Llama3.1-8B,2,Meta-Llama-3.1-8B,16,16,meta-llama/Llama-3.1-8B,false
131,elyza/Llama-3-ELYZA-JP-8B,83,Llama-3-ELYZA-JP-8B,1,1,,true
132,eren23/ogno-monarch-jaskier-merge-7b-OH-PREF-DPO,84,ogno-monarch-jaskier-merge-7b-OH-PREF-DPO,1,1,,true
133,fblgit/UNA-TheBeagle-7b-v1,4,UNA-TheBeagle-7b-v1,8,8,,false
134,flemmingmiguel/MBX-7B-v3,85,MBX-7B-v3,1,1,,false
135,fluently/FluentlyQwen3-1.7B,7,Qwen3-1.7B-Base,5,5,Qwen/Qwen3-1.7B,true
136,google/gemma-2-2b-it,10,gemma-2-2b-it,3,3,google/gemma-2-2b,false
137,google/gemma-2-2b-jpn-it,10,gemma-2-2b-it,3,3,google/gemma-2-2b-it,false
138,google/gemma-2b-it,86,gemma-2b-it,1,1,,true
139,google/gemma-3-1b-it,26,gemma-3-1b-pt,2,2,google/gemma-3-1b-pt,true
140,google/gemma-3-1b-pt,26,gemma-3-1b-pt,2,2,,false
141,google/gemma-3-270m,25,gemma-3-270m,2,2,,false
142,google/gemma-3-4b-it,27,gemma-3-4b-pt,2,2,google/gemma-3-4b-pt,true
143,google/gemma-3-4b-pt,27,gemma-3-4b-pt,2,2,,false
144,gradientai/Llama-3-8B-Instruct-262k,87,Llama-3-8B-Instruct-262k,1,1,,true
145,huihui-ai/Huihui-Jan-v1-4B-abliterated,8,Qwen3-4B-Thinking-2507,4,4,janhq/Jan-v1-4B,true
146,inference-net/Schematron-3B,5,Llama-3.2-3B-Instruct,6,6,meta-llama/Llama-3.2-3B-Instruct,false
147,janhq/Jan-v1-4B,8,Qwen3-4B-Thinking-2507,4,4,Qwen/Qwen3-4B-Thinking-2507,true
148,janhq/Jan-v1-edge,7,Qwen3-1.7B-Base,5,5,Qwen/Qwen3-1.7B,true
149,jiawei-ucas/Qwen-2.5-7B-ConsistentChat,1,Qwen2.5-7B,17,17,Qwen/Qwen2.5-7B,true
150,kevin009/llamaRAGdrama,88,llamaRAGdrama,1,1,,true
151,lmsys/vicuna-7b-v1.1,89,vicuna-7b-v1.1,1,1,,true
152,lmsys/vicuna-7b-v1.5,90,vicuna-7b-v1.5,1,1,,true
153,lmsys/vicuna-7b-v1.5-16k,91,vicuna-7b-v1.5-16k,1,1,,true
154,meta-llama/Llama-3.1-8B-Instruct,2,Meta-Llama-3.1-8B,16,16,meta-llama/Llama-3.1-8B,true
155,meta-llama/Llama-3.2-1B-Instruct,14,Llama-3.2-1B-Instruct,3,3,,true
156,meta-llama/Llama-3.2-3B-Instruct,5,Llama-3.2-3B-Instruct,6,6,,true
157,meta-llama/Llama-Guard-3-8B,2,Meta-Llama-3.1-8B,16,16,meta-llama/Llama-3.1-8B,false
158,meta-llama/Llama-3.1-8B,2,Meta-Llama-3.1-8B,16,16,,false
159,microsoft/UserLM-8b,2,Meta-Llama-3.1-8B,16,16,meta-llama/Llama-3.1-8B,false
160,mistralai/Mistral-7B-Instruct-v0.1,6,Mistral-7B-v0.1,5,5,mistralai/Mistral-7B-v0.1,true
161,mistralai/Mistral-7B-v0.1,6,Mistral-7B-v0.1,5,5,,false
162,mlabonne/Beagle14-7B,4,UNA-TheBeagle-7b-v1,8,8,fblgit/UNA-TheBeagle-7b-v1,false
163,mlabonne/Marcoro14-7B-slerp,24,Marcoro14-7B-slerp,2,2,,false
164,mlabonne/NeuralBeagle14-7B,4,UNA-TheBeagle-7b-v1,8,8,mlabonne/Beagle14-7B,false
165,mlabonne/OmniBeagle-7B,4,UNA-TheBeagle-7b-v1,8,8,shadowml/BeagleSempra-7B,false
166,nvidia/Llama-3.1-8B-Instruct-FP8,2,Meta-Llama-3.1-8B,16,16,meta-llama/Llama-3.1-8B-Instruct,false
167,nvidia/OpenCodeReasoning-Nemotron-1.1-7B,1,Qwen2.5-7B,17,17,Qwen/Qwen2.5-7B-Instruct,false
168,nvidia/OpenCodeReasoning-Nemotron-7B,1,Qwen2.5-7B,17,17,Qwen/Qwen2.5-7B-Instruct,false
169,nvidia/OpenMath-Nemotron-1.5B,3,Qwen2.5-1.5B,14,14,Qwen/Qwen2.5-Math-1.5B,false
170,nvidia/OpenMath2-Llama3.1-8B,2,Meta-Llama-3.1-8B,16,16,meta-llama/Llama-3.1-8B,false
171,nvidia/OpenReasoning-Nemotron-1.5B,3,Qwen2.5-1.5B,14,14,Qwen/Qwen2.5-1.5B,true
172,shadowml/BeagSake-7B,4,UNA-TheBeagle-7b-v1,8,8,shadowml/BeagleSempra-7B,false
173,shadowml/BeagleSempra-7B,4,UNA-TheBeagle-7b-v1,8,8,shadowml/WestBeagle-7B,false
174,shadowml/WestBeagle-7B,4,UNA-TheBeagle-7b-v1,8,8,mlabonne/NeuralBeagle14-7B,false
175,swiss-ai/Apertus-8B-2509,23,Apertus-8B-2509,2,2,,false
176,unsloth/Llama-3.1-8B,2,Meta-Llama-3.1-8B,16,16,meta-llama/Llama-3.1-8B,false
177,unsloth/Llama-3.2-1B-Instruct,14,Llama-3.2-1B-Instruct,3,3,meta-llama/Llama-3.2-1B-Instruct,false
178,unsloth/Llama-3.2-3B-Instruct,5,Llama-3.2-3B-Instruct,6,6,meta-llama/Llama-3.2-3B-Instruct,false
179,unsloth/Meta-Llama-3.1-8B-Instruct,2,Meta-Llama-3.1-8B,16,16,meta-llama/Llama-3.1-8B-Instruct,false
180,unsloth/Qwen2.5-0.5B-Instruct,12,Qwen2.5-0.5B,3,3,Qwen/Qwen2.5-0.5B-Instruct,false
181,unsloth/Qwen2.5-1.5B,3,Qwen2.5-1.5B,14,14,Qwen/Qwen2.5-1.5B,false
182,unsloth/Qwen2.5-1.5B-Instruct,3,Qwen2.5-1.5B,14,14,Qwen/Qwen2.5-1.5B-Instruct,false
183,unsloth/Qwen2.5-Math-1.5B,3,Qwen2.5-1.5B,14,14,Qwen/Qwen2.5-Math-1.5B,false
