anchor_model,outlier_model,overlap,upper_fence,Q1,Q3
01-ai/Yi-6B,01-ai/Yi-6B-Chat,0.5602,0.0764,0.0089,0.0358
01-ai/Yi-6B,01-ai/Yi-6B-200K,0.5512,0.0764,0.0089,0.0358
01-ai/Yi-6B,adamo1139/Apertus-8B-Instruct-2509-ungated,0.1273,0.0764,0.0089,0.0358
01-ai/Yi-6B,bigscience/bloom-560m,0.1273,0.0764,0.0089,0.0358
01-ai/Yi-6B,bigscience/bloomz-1b1,0.1273,0.0764,0.0089,0.0358
01-ai/Yi-6B,bigscience/bloomz-560m,0.1273,0.0764,0.0089,0.0358
01-ai/Yi-6B,chatitcloud/UZI1,0.1273,0.0764,0.0089,0.0358
01-ai/Yi-6B,google/gemma-3-4b-it,0.1273,0.0764,0.0089,0.0358
01-ai/Yi-6B-200K,01-ai/Yi-6B,0.7189,0.0885,0.0085,0.0405
01-ai/Yi-6B-200K,01-ai/Yi-6B-Chat,0.5702,0.0885,0.0085,0.0405
01-ai/Yi-6B-200K,adamo1139/Apertus-8B-Instruct-2509-ungated,0.1549,0.0885,0.0085,0.0405
01-ai/Yi-6B-200K,bigscience/bloom-560m,0.1549,0.0885,0.0085,0.0405
01-ai/Yi-6B-200K,bigscience/bloomz-1b1,0.1549,0.0885,0.0085,0.0405
01-ai/Yi-6B-200K,bigscience/bloomz-560m,0.1549,0.0885,0.0085,0.0405
01-ai/Yi-6B-200K,chatitcloud/UZI1,0.1549,0.0885,0.0085,0.0405
01-ai/Yi-6B-200K,google/gemma-3-4b-it,0.1549,0.0885,0.0085,0.0405
01-ai/Yi-6B-Chat,01-ai/Yi-6B,0.5597,0.0715,0.0089,0.034
01-ai/Yi-6B-Chat,01-ai/Yi-6B-200K,0.4659,0.0715,0.0089,0.034
01-ai/Yi-6B-Chat,adamo1139/Apertus-8B-Instruct-2509-ungated,0.0958,0.0715,0.0089,0.034
01-ai/Yi-6B-Chat,bigscience/bloom-560m,0.0958,0.0715,0.0089,0.034
01-ai/Yi-6B-Chat,bigscience/bloomz-1b1,0.0958,0.0715,0.0089,0.034
01-ai/Yi-6B-Chat,bigscience/bloomz-560m,0.0958,0.0715,0.0089,0.034
01-ai/Yi-6B-Chat,chatitcloud/UZI1,0.0958,0.0715,0.0089,0.034
01-ai/Yi-6B-Chat,google/gemma-3-4b-it,0.0958,0.0715,0.0089,0.034
AdaptLLM/medicine-LLM,lmsys/vicuna-7b-v1.1,0.5001,0.2462,0.0069,0.1026
AdaptLLM/medicine-LLM,FelixChao/vicuna-7B-chemical,0.2909,0.2462,0.0069,0.1026
AdaptLLM/medicine-LLM,FelixChao/vicuna-7B-physics,0.2702,0.2462,0.0069,0.1026
BioMistral/BioMistral-7B,BioMistral/BioMistral-7B-DARE,0.633,0.2011,0.0031,0.0823
BioMistral/BioMistral-7B,HuggingFaceH4/zephyr-7b-beta,0.4563,0.2011,0.0031,0.0823
BioMistral/BioMistral-7B,Nexusflow/Starling-LM-7B-beta,0.4086,0.2011,0.0031,0.0823
BioMistral/BioMistral-7B,SciPhi/SciPhi-Mistral-7B-32k,0.3887,0.2011,0.0031,0.0823
BioMistral/BioMistral-7B,eren23/ogno-monarch-jaskier-merge-7b-OH-PREF-DPO,0.3848,0.2011,0.0031,0.0823
BioMistral/BioMistral-7B,dicta-il/dictalm2.0,0.3798,0.2011,0.0031,0.0823
BioMistral/BioMistral-7B,bardsai/jaskier-7b-dpo-v5.6,0.3777,0.2011,0.0031,0.0823
BioMistral/BioMistral-7B,SciPhi/SciPhi-Self-RAG-Mistral-7B-32k,0.3767,0.2011,0.0031,0.0823
BioMistral/BioMistral-7B,Biomimicry-AI/ANIMA-Nectar-v2,0.3754,0.2011,0.0031,0.0823
BioMistral/BioMistral-7B,kevin009/llamaRAGdrama,0.3687,0.2011,0.0031,0.0823
BioMistral/BioMistral-7B,CorticalStack/pastiche-crown-clown-7b-dare-dpo,0.368,0.2011,0.0031,0.0823
BioMistral/BioMistral-7B,CultriX/NeuralTrix-bf16,0.3677,0.2011,0.0031,0.0823
BioMistral/BioMistral-7B,berkeley-nest/Starling-LM-7B-alpha,0.3631,0.2011,0.0031,0.0823
BioMistral/BioMistral-7B,Intel/neural-chat-7b-v3-3,0.2806,0.2011,0.0031,0.0823
BioMistral/BioMistral-7B-DARE,BioMistral/BioMistral-7B,0.6018,0.2335,0.0033,0.0954
BioMistral/BioMistral-7B-DARE,eren23/ogno-monarch-jaskier-merge-7b-OH-PREF-DPO,0.4856,0.2335,0.0033,0.0954
BioMistral/BioMistral-7B-DARE,bardsai/jaskier-7b-dpo-v5.6,0.4854,0.2335,0.0033,0.0954
BioMistral/BioMistral-7B-DARE,kevin009/llamaRAGdrama,0.4831,0.2335,0.0033,0.0954
BioMistral/BioMistral-7B-DARE,Nexusflow/Starling-LM-7B-beta,0.4818,0.2335,0.0033,0.0954
BioMistral/BioMistral-7B-DARE,CorticalStack/pastiche-crown-clown-7b-dare-dpo,0.4814,0.2335,0.0033,0.0954
BioMistral/BioMistral-7B-DARE,CultriX/NeuralTrix-bf16,0.4675,0.2335,0.0033,0.0954
BioMistral/BioMistral-7B-DARE,berkeley-nest/Starling-LM-7B-alpha,0.4642,0.2335,0.0033,0.0954
BioMistral/BioMistral-7B-DARE,Intel/neural-chat-7b-v3-3,0.4184,0.2335,0.0033,0.0954
BioMistral/BioMistral-7B-DARE,Biomimicry-AI/ANIMA-Nectar-v2,0.4113,0.2335,0.0033,0.0954
BioMistral/BioMistral-7B-DARE,SciPhi/SciPhi-Mistral-7B-32k,0.4102,0.2335,0.0033,0.0954
BioMistral/BioMistral-7B-DARE,SciPhi/SciPhi-Self-RAG-Mistral-7B-32k,0.4044,0.2335,0.0033,0.0954
BioMistral/BioMistral-7B-DARE,dicta-il/dictalm2.0,0.3956,0.2335,0.0033,0.0954
BioMistral/BioMistral-7B-DARE,HuggingFaceH4/zephyr-7b-beta,0.3919,0.2335,0.0033,0.0954
Biomimicry-AI/ANIMA-Nectar-v2,BioMistral/BioMistral-7B-DARE,0.4866,0.2253,0.0046,0.0929
Biomimicry-AI/ANIMA-Nectar-v2,HuggingFaceH4/zephyr-7b-beta,0.4564,0.2253,0.0046,0.0929
Biomimicry-AI/ANIMA-Nectar-v2,BioMistral/BioMistral-7B,0.4371,0.2253,0.0046,0.0929
Biomimicry-AI/ANIMA-Nectar-v2,Nexusflow/Starling-LM-7B-beta,0.3997,0.2253,0.0046,0.0929
Biomimicry-AI/ANIMA-Nectar-v2,CorticalStack/pastiche-crown-clown-7b-dare-dpo,0.3781,0.2253,0.0046,0.0929
Biomimicry-AI/ANIMA-Nectar-v2,eren23/ogno-monarch-jaskier-merge-7b-OH-PREF-DPO,0.3777,0.2253,0.0046,0.0929
Biomimicry-AI/ANIMA-Nectar-v2,bardsai/jaskier-7b-dpo-v5.6,0.3767,0.2253,0.0046,0.0929
Biomimicry-AI/ANIMA-Nectar-v2,berkeley-nest/Starling-LM-7B-alpha,0.3693,0.2253,0.0046,0.0929
Biomimicry-AI/ANIMA-Nectar-v2,CultriX/NeuralTrix-bf16,0.3616,0.2253,0.0046,0.0929
Biomimicry-AI/ANIMA-Nectar-v2,kevin009/llamaRAGdrama,0.3466,0.2253,0.0046,0.0929
Biomimicry-AI/ANIMA-Nectar-v2,SciPhi/SciPhi-Self-RAG-Mistral-7B-32k,0.328,0.2253,0.0046,0.0929
Biomimicry-AI/ANIMA-Nectar-v2,Intel/neural-chat-7b-v3-3,0.3147,0.2253,0.0046,0.0929
Biomimicry-AI/ANIMA-Nectar-v2,SciPhi/SciPhi-Mistral-7B-32k,0.2997,0.2253,0.0046,0.0929
Biomimicry-AI/ANIMA-Nectar-v2,dicta-il/dictalm2.0,0.2925,0.2253,0.0046,0.0929
CorticalStack/pastiche-crown-clown-7b-dare-dpo,eren23/ogno-monarch-jaskier-merge-7b-OH-PREF-DPO,0.8826,0.1615,0.0046,0.0674
CorticalStack/pastiche-crown-clown-7b-dare-dpo,bardsai/jaskier-7b-dpo-v5.6,0.8698,0.1615,0.0046,0.0674
CorticalStack/pastiche-crown-clown-7b-dare-dpo,CultriX/NeuralTrix-bf16,0.8446,0.1615,0.0046,0.0674
CorticalStack/pastiche-crown-clown-7b-dare-dpo,kevin009/llamaRAGdrama,0.7937,0.1615,0.0046,0.0674
CorticalStack/pastiche-crown-clown-7b-dare-dpo,berkeley-nest/Starling-LM-7B-alpha,0.6618,0.1615,0.0046,0.0674
CorticalStack/pastiche-crown-clown-7b-dare-dpo,Intel/neural-chat-7b-v3-3,0.6538,0.1615,0.0046,0.0674
CorticalStack/pastiche-crown-clown-7b-dare-dpo,Nexusflow/Starling-LM-7B-beta,0.6435,0.1615,0.0046,0.0674
CorticalStack/pastiche-crown-clown-7b-dare-dpo,SciPhi/SciPhi-Mistral-7B-32k,0.581,0.1615,0.0046,0.0674
CorticalStack/pastiche-crown-clown-7b-dare-dpo,SciPhi/SciPhi-Self-RAG-Mistral-7B-32k,0.5608,0.1615,0.0046,0.0674
CorticalStack/pastiche-crown-clown-7b-dare-dpo,HuggingFaceH4/zephyr-7b-beta,0.5111,0.1615,0.0046,0.0674
CorticalStack/pastiche-crown-clown-7b-dare-dpo,BioMistral/BioMistral-7B-DARE,0.5045,0.1615,0.0046,0.0674
CorticalStack/pastiche-crown-clown-7b-dare-dpo,dicta-il/dictalm2.0,0.4909,0.1615,0.0046,0.0674
CorticalStack/pastiche-crown-clown-7b-dare-dpo,BioMistral/BioMistral-7B,0.4703,0.1615,0.0046,0.0674
CorticalStack/pastiche-crown-clown-7b-dare-dpo,Biomimicry-AI/ANIMA-Nectar-v2,0.4375,0.1615,0.0046,0.0674
CultriX/NeuralTrix-bf16,bardsai/jaskier-7b-dpo-v5.6,0.8858,0.154,0.0048,0.0645
CultriX/NeuralTrix-bf16,eren23/ogno-monarch-jaskier-merge-7b-OH-PREF-DPO,0.8792,0.154,0.0048,0.0645
CultriX/NeuralTrix-bf16,CorticalStack/pastiche-crown-clown-7b-dare-dpo,0.858,0.154,0.0048,0.0645
CultriX/NeuralTrix-bf16,kevin009/llamaRAGdrama,0.7525,0.154,0.0048,0.0645
CultriX/NeuralTrix-bf16,berkeley-nest/Starling-LM-7B-alpha,0.6513,0.154,0.0048,0.0645
CultriX/NeuralTrix-bf16,Nexusflow/Starling-LM-7B-beta,0.6181,0.154,0.0048,0.0645
CultriX/NeuralTrix-bf16,Intel/neural-chat-7b-v3-3,0.5973,0.154,0.0048,0.0645
CultriX/NeuralTrix-bf16,SciPhi/SciPhi-Self-RAG-Mistral-7B-32k,0.499,0.154,0.0048,0.0645
CultriX/NeuralTrix-bf16,SciPhi/SciPhi-Mistral-7B-32k,0.4893,0.154,0.0048,0.0645
CultriX/NeuralTrix-bf16,BioMistral/BioMistral-7B-DARE,0.4854,0.154,0.0048,0.0645
CultriX/NeuralTrix-bf16,HuggingFaceH4/zephyr-7b-beta,0.4793,0.154,0.0048,0.0645
CultriX/NeuralTrix-bf16,dicta-il/dictalm2.0,0.4499,0.154,0.0048,0.0645
CultriX/NeuralTrix-bf16,BioMistral/BioMistral-7B,0.4368,0.154,0.0048,0.0645
CultriX/NeuralTrix-bf16,Biomimicry-AI/ANIMA-Nectar-v2,0.4025,0.154,0.0048,0.0645
DavidAU/Qwen3-Horror-Instruct-Uncensored-262K-ctx-4B,Tesslate/WEBGEN-4B-Preview,0.5884,0.1094,0.0057,0.0472
DavidAU/Qwen3-Horror-Instruct-Uncensored-262K-ctx-4B,Qwen/Qwen3-4B-Instruct-2507,0.5725,0.1094,0.0057,0.0472
DavidAU/Qwen3-Horror-Instruct-Uncensored-262K-ctx-4B,beyoru/Luna,0.5466,0.1094,0.0057,0.0472
DavidAU/Qwen3-Horror-Instruct-Uncensored-262K-ctx-4B,Qwen/Qwen3-4B-Thinking-2507,0.3797,0.1094,0.0057,0.0472
DavidAU/Qwen3-Horror-Instruct-Uncensored-262K-ctx-4B,Qwen/Qwen3-4B-Thinking-2507-FP8,0.3777,0.1094,0.0057,0.0472
DavidAU/Qwen3-Horror-Instruct-Uncensored-262K-ctx-4B,janhq/Jan-v1-4B,0.377,0.1094,0.0057,0.0472
DavidAU/Qwen3-Horror-Instruct-Uncensored-262K-ctx-4B,huihui-ai/Huihui-Jan-v1-4B-abliterated,0.3482,0.1094,0.0057,0.0472
DavidAU/Qwen3-Horror-Instruct-Uncensored-262K-ctx-4B,Tesslate/UIGEN-X-4B-0729,0.2652,0.1094,0.0057,0.0472
DavidAU/Qwen3-Horror-Instruct-Uncensored-262K-ctx-4B,Qwen/Qwen3-4B,0.2593,0.1094,0.0057,0.0472
DeepHat/DeepHat-V1-7B,Qwen/Qwen2.5-Coder-7B,0.3944,0.087,0.0015,0.0357
DeepHat/DeepHat-V1-7B,Qwen/Qwen2.5-Coder-7B-Instruct,0.2928,0.087,0.0015,0.0357
DeepHat/DeepHat-V1-7B,continuedev/instinct,0.2817,0.087,0.0015,0.0357
EleutherAI/gpt-neo-1.3B,KoboldAI/GPT-Neo-2.7B-Horni-LN,0.2144,0.0704,0.009,0.0336
EleutherAI/gpt-neo-1.3B,PygmalionAI/pygmalion-2.7b,0.1822,0.0704,0.009,0.0336
EleutherAI/gpt-neo-1.3B,TheOneWhoWill/Bootstrap-LLM,0.1568,0.0704,0.009,0.0336
EleutherAI/pythia-1.4b,EleutherAI/pythia-2.8b,0.3319,0.0857,0.0059,0.0378
EleutherAI/pythia-1.4b,EleutherAI/pythia-1b,0.3114,0.0857,0.0059,0.0378
EleutherAI/pythia-1.4b,EleutherAI/pythia-6.9b,0.3019,0.0857,0.0059,0.0378
EleutherAI/pythia-1.4b,allenai/OLMoE-1B-7B-0924,0.2286,0.0857,0.0059,0.0378
EleutherAI/pythia-1b,EleutherAI/pythia-2.8b,0.3742,0.0714,0.0067,0.0326
EleutherAI/pythia-1b,EleutherAI/pythia-1.4b,0.3256,0.0714,0.0067,0.0326
EleutherAI/pythia-1b,EleutherAI/pythia-6.9b,0.3191,0.0714,0.0067,0.0326
EleutherAI/pythia-1b,allenai/OLMoE-1B-7B-0924,0.2617,0.0714,0.0067,0.0326
EleutherAI/pythia-2.8b,EleutherAI/pythia-1.4b,0.2845,0.0726,0.0075,0.0335
EleutherAI/pythia-2.8b,EleutherAI/pythia-6.9b,0.2587,0.0726,0.0075,0.0335
EleutherAI/pythia-2.8b,EleutherAI/pythia-1b,0.2536,0.0726,0.0075,0.0335
EleutherAI/pythia-2.8b,allenai/OLMoE-1B-7B-0924,0.2189,0.0726,0.0075,0.0335
EleutherAI/pythia-6.9b,EleutherAI/pythia-1.4b,0.3512,0.067,0.0069,0.031
EleutherAI/pythia-6.9b,EleutherAI/pythia-1b,0.3482,0.067,0.0069,0.031
EleutherAI/pythia-6.9b,EleutherAI/pythia-2.8b,0.3464,0.067,0.0069,0.031
EleutherAI/pythia-6.9b,allenai/OLMoE-1B-7B-0924,0.2241,0.067,0.0069,0.031
FelixChao/vicuna-7B-chemical,FelixChao/vicuna-7B-physics,0.7518,0.2265,0.0037,0.0928
FelixChao/vicuna-7B-chemical,lmsys/vicuna-7b-v1.1,0.4905,0.2265,0.0037,0.0928
FelixChao/vicuna-7B-chemical,AdaptLLM/medicine-LLM,0.3996,0.2265,0.0037,0.0928
FelixChao/vicuna-7B-chemical,lmsys/vicuna-7b-v1.5,0.3311,0.2265,0.0037,0.0928
FelixChao/vicuna-7B-chemical,lmsys/vicuna-7b-v1.5-16k,0.3277,0.2265,0.0037,0.0928
FelixChao/vicuna-7B-chemical,PharMolix/BioMedGPT-LM-7B,0.2934,0.2265,0.0037,0.0928
FelixChao/vicuna-7B-chemical,TinyLlama/TinyLlama-1.1B-intermediate-step-1431k-3T,0.2739,0.2265,0.0037,0.0928
FelixChao/vicuna-7B-chemical,TinyLlama/TinyLlama-1.1B-Chat-v1.0,0.2678,0.2265,0.0037,0.0928
FelixChao/vicuna-7B-chemical,TinyLlama/TinyLlama_v1.1,0.25,0.2265,0.0037,0.0928
FelixChao/vicuna-7B-chemical,TinyLlama/TinyLlama-1.1B-Chat-v0.5,0.2464,0.2265,0.0037,0.0928
FelixChao/vicuna-7B-physics,FelixChao/vicuna-7B-chemical,0.615,0.2329,0.0049,0.0961
FelixChao/vicuna-7B-physics,lmsys/vicuna-7b-v1.1,0.4636,0.2329,0.0049,0.0961
FelixChao/vicuna-7B-physics,AdaptLLM/medicine-LLM,0.3704,0.2329,0.0049,0.0961
FelixChao/vicuna-7B-physics,lmsys/vicuna-7b-v1.5,0.306,0.2329,0.0049,0.0961
FelixChao/vicuna-7B-physics,lmsys/vicuna-7b-v1.5-16k,0.304,0.2329,0.0049,0.0961
HuggingFaceH4/zephyr-7b-beta,Nexusflow/Starling-LM-7B-beta,0.6075,0.125,0.007,0.0542
HuggingFaceH4/zephyr-7b-beta,SciPhi/SciPhi-Self-RAG-Mistral-7B-32k,0.5956,0.125,0.007,0.0542
HuggingFaceH4/zephyr-7b-beta,eren23/ogno-monarch-jaskier-merge-7b-OH-PREF-DPO,0.5902,0.125,0.007,0.0542
HuggingFaceH4/zephyr-7b-beta,bardsai/jaskier-7b-dpo-v5.6,0.5884,0.125,0.007,0.0542
HuggingFaceH4/zephyr-7b-beta,CorticalStack/pastiche-crown-clown-7b-dare-dpo,0.5818,0.125,0.007,0.0542
HuggingFaceH4/zephyr-7b-beta,SciPhi/SciPhi-Mistral-7B-32k,0.5755,0.125,0.007,0.0542
HuggingFaceH4/zephyr-7b-beta,berkeley-nest/Starling-LM-7B-alpha,0.5717,0.125,0.007,0.0542
HuggingFaceH4/zephyr-7b-beta,kevin009/llamaRAGdrama,0.5673,0.125,0.007,0.0542
HuggingFaceH4/zephyr-7b-beta,CultriX/NeuralTrix-bf16,0.5506,0.125,0.007,0.0542
HuggingFaceH4/zephyr-7b-beta,Intel/neural-chat-7b-v3-3,0.5501,0.125,0.007,0.0542
HuggingFaceH4/zephyr-7b-beta,BioMistral/BioMistral-7B-DARE,0.5027,0.125,0.007,0.0542
HuggingFaceH4/zephyr-7b-beta,BioMistral/BioMistral-7B,0.4452,0.125,0.007,0.0542
HuggingFaceH4/zephyr-7b-beta,dicta-il/dictalm2.0,0.4226,0.125,0.007,0.0542
HuggingFaceH4/zephyr-7b-beta,Biomimicry-AI/ANIMA-Nectar-v2,0.416,0.125,0.007,0.0542
HuggingFaceTB/SmolLM-135M,HuggingFaceTB/SmolLM2-135M,0.2076,0.0779,0.0071,0.0354
HuggingFaceTB/SmolLM2-135M,HuggingFaceTB/SmolLM-135M,0.2428,0.0938,0.0071,0.0418
HuggingFaceTB/SmolLM3-3B,elyza/Llama-3-ELYZA-JP-8B,0.0625,0.0473,0.0017,0.0199
HuggingFaceTB/SmolLM3-3B,S4nfs/Neeto-1.0-8b,0.0542,0.0473,0.0017,0.0199
Intel/neural-chat-7b-v3-3,eren23/ogno-monarch-jaskier-merge-7b-OH-PREF-DPO,0.6238,0.1351,0.004,0.0565
Intel/neural-chat-7b-v3-3,bardsai/jaskier-7b-dpo-v5.6,0.6191,0.1351,0.004,0.0565
Intel/neural-chat-7b-v3-3,CorticalStack/pastiche-crown-clown-7b-dare-dpo,0.6096,0.1351,0.004,0.0565
Intel/neural-chat-7b-v3-3,kevin009/llamaRAGdrama,0.5994,0.1351,0.004,0.0565
Intel/neural-chat-7b-v3-3,CultriX/NeuralTrix-bf16,0.5828,0.1351,0.004,0.0565
Intel/neural-chat-7b-v3-3,berkeley-nest/Starling-LM-7B-alpha,0.5511,0.1351,0.004,0.0565
Intel/neural-chat-7b-v3-3,Nexusflow/Starling-LM-7B-beta,0.5485,0.1351,0.004,0.0565
Intel/neural-chat-7b-v3-3,SciPhi/SciPhi-Self-RAG-Mistral-7B-32k,0.5323,0.1351,0.004,0.0565
Intel/neural-chat-7b-v3-3,HuggingFaceH4/zephyr-7b-beta,0.5302,0.1351,0.004,0.0565
Intel/neural-chat-7b-v3-3,SciPhi/SciPhi-Mistral-7B-32k,0.5301,0.1351,0.004,0.0565
Intel/neural-chat-7b-v3-3,BioMistral/BioMistral-7B-DARE,0.449,0.1351,0.004,0.0565
Intel/neural-chat-7b-v3-3,dicta-il/dictalm2.0,0.3985,0.1351,0.004,0.0565
Intel/neural-chat-7b-v3-3,BioMistral/BioMistral-7B,0.3701,0.1351,0.004,0.0565
Intel/neural-chat-7b-v3-3,Biomimicry-AI/ANIMA-Nectar-v2,0.3372,0.1351,0.004,0.0565
KoboldAI/GPT-Neo-2.7B-Horni-LN,PygmalionAI/pygmalion-2.7b,0.4077,0.074,0.0073,0.034
KoboldAI/GPT-Neo-2.7B-Horni-LN,EleutherAI/gpt-neo-1.3B,0.192,0.074,0.0073,0.034
KoboldAI/GPT-Neo-2.7B-Horni-LN,TheOneWhoWill/Bootstrap-LLM,0.1621,0.074,0.0073,0.034
LiquidAI/LFM2-1.2B,LiquidAI/LFM2-350M,0.156,0.0326,0.0089,0.0184
LiquidAI/LFM2-1.2B,01-ai/Yi-6B-200K,0.0374,0.0326,0.0089,0.0184
LiquidAI/LFM2-1.2B,01-ai/Yi-6B,0.0364,0.0326,0.0089,0.0184
LiquidAI/LFM2-1.2B,EleutherAI/pythia-6.9b,0.0359,0.0326,0.0089,0.0184
LiquidAI/LFM2-1.2B,EleutherAI/pythia-1b,0.0356,0.0326,0.0089,0.0184
LiquidAI/LFM2-1.2B,augmxnt/shisa-base-7b-v1,0.0352,0.0326,0.0089,0.0184
LiquidAI/LFM2-1.2B,HuggingFaceTB/SmolLM-135M,0.0351,0.0326,0.0089,0.0184
LiquidAI/LFM2-1.2B,allenai/OLMoE-1B-7B-0924,0.0351,0.0326,0.0089,0.0184
LiquidAI/LFM2-1.2B,01-ai/Yi-6B-Chat,0.0343,0.0326,0.0089,0.0184
LiquidAI/LFM2-1.2B,PygmalionAI/pygmalion-2.7b,0.034,0.0326,0.0089,0.0184
LiquidAI/LFM2-1.2B,EleutherAI/pythia-2.8b,0.033,0.0326,0.0089,0.0184
LiquidAI/LFM2-1.2B,EleutherAI/pythia-1.4b,0.0326,0.0326,0.0089,0.0184
LiquidAI/LFM2-350M,LiquidAI/LFM2-1.2B,0.1487,0.0514,0.0092,0.0261
Nexusflow/Starling-LM-7B-beta,berkeley-nest/Starling-LM-7B-alpha,0.7084,0.1558,0.0041,0.0648
Nexusflow/Starling-LM-7B-beta,eren23/ogno-monarch-jaskier-merge-7b-OH-PREF-DPO,0.6141,0.1558,0.0041,0.0648
Nexusflow/Starling-LM-7B-beta,bardsai/jaskier-7b-dpo-v5.6,0.5928,0.1558,0.0041,0.0648
Nexusflow/Starling-LM-7B-beta,kevin009/llamaRAGdrama,0.5925,0.1558,0.0041,0.0648
Nexusflow/Starling-LM-7B-beta,CultriX/NeuralTrix-bf16,0.5881,0.1558,0.0041,0.0648
Nexusflow/Starling-LM-7B-beta,CorticalStack/pastiche-crown-clown-7b-dare-dpo,0.5865,0.1558,0.0041,0.0648
Nexusflow/Starling-LM-7B-beta,SciPhi/SciPhi-Self-RAG-Mistral-7B-32k,0.5677,0.1558,0.0041,0.0648
Nexusflow/Starling-LM-7B-beta,SciPhi/SciPhi-Mistral-7B-32k,0.5611,0.1558,0.0041,0.0648
Nexusflow/Starling-LM-7B-beta,Intel/neural-chat-7b-v3-3,0.545,0.1558,0.0041,0.0648
Nexusflow/Starling-LM-7B-beta,BioMistral/BioMistral-7B-DARE,0.4627,0.1558,0.0041,0.0648
Nexusflow/Starling-LM-7B-beta,BioMistral/BioMistral-7B,0.4323,0.1558,0.0041,0.0648
Nexusflow/Starling-LM-7B-beta,HuggingFaceH4/zephyr-7b-beta,0.4222,0.1558,0.0041,0.0648
Nexusflow/Starling-LM-7B-beta,dicta-il/dictalm2.0,0.4035,0.1558,0.0041,0.0648
Nexusflow/Starling-LM-7B-beta,Biomimicry-AI/ANIMA-Nectar-v2,0.3033,0.1558,0.0041,0.0648
PharMolix/BioMedGPT-LM-7B,lmsys/vicuna-7b-v1.5-16k,0.4369,0.2625,0.0043,0.1076
PharMolix/BioMedGPT-LM-7B,FelixChao/vicuna-7B-physics,0.3711,0.2625,0.0043,0.1076
PharMolix/BioMedGPT-LM-7B,lmsys/vicuna-7b-v1.5,0.36,0.2625,0.0043,0.1076
PharMolix/BioMedGPT-LM-7B,FelixChao/vicuna-7B-chemical,0.356,0.2625,0.0043,0.1076
PharMolix/BioMedGPT-LM-7B,TinyLlama/TinyLlama-1.1B-intermediate-step-1431k-3T,0.3003,0.2625,0.0043,0.1076
PharMolix/BioMedGPT-LM-7B,TinyLlama/TinyLlama-1.1B-Chat-v1.0,0.2965,0.2625,0.0043,0.1076
PharMolix/BioMedGPT-LM-7B,TinyLlama/TinyLlama-1.1B-Chat-v0.5,0.2704,0.2625,0.0043,0.1076
PygmalionAI/pygmalion-2.7b,KoboldAI/GPT-Neo-2.7B-Horni-LN,0.4158,0.07,0.0073,0.0324
PygmalionAI/pygmalion-2.7b,EleutherAI/gpt-neo-1.3B,0.1471,0.07,0.0073,0.0324
PygmalionAI/pygmalion-2.7b,TheOneWhoWill/Bootstrap-LLM,0.1412,0.07,0.0073,0.0324
Qwen/Qwen1.5-0.5B-Chat,Qwen/Qwen2-0.5B-Instruct,0.0475,0.0393,0.0044,0.0184
Qwen/Qwen1.5-0.5B-Chat,Qwen/Qwen2.5-0.5B-Instruct,0.0445,0.0393,0.0044,0.0184
Qwen/Qwen1.5-4B-Chat,Qwen/Qwen2-0.5B-Instruct,0.0751,0.0745,0.0014,0.0307
Qwen/Qwen2-7B-Instruct,abocide/Qwen2.5-7B-Instruct-R1-forfinance,0.1268,0.0617,0.0006,0.025
Qwen/Qwen2-7B-Instruct,Qwen/Qwen2.5-7B-Instruct,0.118,0.0617,0.0006,0.025
Qwen/Qwen2-7B-Instruct,jiawei-ucas/Qwen-2.5-7B-ConsistentChat,0.0995,0.0617,0.0006,0.025
Qwen/Qwen2-7B-Instruct,Qwen/Qwen2.5-7B,0.0833,0.0617,0.0006,0.025
Qwen/Qwen2-7B-Instruct,Qwen/Qwen2.5-0.5B-Instruct,0.0691,0.0617,0.0006,0.025
Qwen/Qwen2.5-1.5B,Qwen/Qwen2.5-1.5B-Instruct,0.5041,0.0461,0.0018,0.0195
Qwen/Qwen2.5-1.5B,Qwen/Qwen2.5-7B,0.1483,0.0461,0.0018,0.0195
Qwen/Qwen2.5-1.5B,Qwen/Qwen2.5-3B-Instruct,0.117,0.0461,0.0018,0.0195
Qwen/Qwen2.5-1.5B,Qwen/Qwen3-4B-Instruct-2507,0.1024,0.0461,0.0018,0.0195
Qwen/Qwen2.5-1.5B,Qwen/Qwen2.5-Coder-7B,0.0987,0.0461,0.0018,0.0195
Qwen/Qwen2.5-1.5B,beyoru/Luna,0.0981,0.0461,0.0018,0.0195
Qwen/Qwen2.5-1.5B,Tesslate/WEBGEN-4B-Preview,0.0775,0.0461,0.0018,0.0195
Qwen/Qwen2.5-1.5B,DavidAU/Qwen3-Horror-Instruct-Uncensored-262K-ctx-4B,0.0741,0.0461,0.0018,0.0195
Qwen/Qwen2.5-1.5B,janhq/Jan-v1-4B,0.0666,0.0461,0.0018,0.0195
Qwen/Qwen2.5-1.5B,Qwen/Qwen3-4B-Thinking-2507-FP8,0.065,0.0461,0.0018,0.0195
Qwen/Qwen2.5-1.5B,jiawei-ucas/Qwen-2.5-7B-ConsistentChat,0.0649,0.0461,0.0018,0.0195
Qwen/Qwen2.5-1.5B,Qwen/Qwen3-4B-Thinking-2507,0.0647,0.0461,0.0018,0.0195
Qwen/Qwen2.5-1.5B,fluently/FluentlyQwen3-1.7B,0.0547,0.0461,0.0018,0.0195
Qwen/Qwen2.5-1.5B,Qwen/Qwen3-1.7B,0.0534,0.0461,0.0018,0.0195
Qwen/Qwen2.5-1.5B,janhq/Jan-v1-edge,0.0505,0.0461,0.0018,0.0195
Qwen/Qwen2.5-1.5B,huihui-ai/Huihui-Jan-v1-4B-abliterated,0.0482,0.0461,0.0018,0.0195
Qwen/Qwen2.5-1.5B-Instruct,Qwen/Qwen2.5-1.5B,0.5882,0.0784,0.0013,0.0321
Qwen/Qwen2.5-1.5B-Instruct,Qwen/Qwen2.5-3B-Instruct,0.1936,0.0784,0.0013,0.0321
Qwen/Qwen2.5-1.5B-Instruct,Qwen/Qwen2.5-7B,0.1841,0.0784,0.0013,0.0321
Qwen/Qwen2.5-1.5B-Instruct,Qwen/Qwen3-4B-Instruct-2507,0.1537,0.0784,0.0013,0.0321
Qwen/Qwen2.5-1.5B-Instruct,Qwen/Qwen2.5-Coder-7B,0.1511,0.0784,0.0013,0.0321
Qwen/Qwen2.5-1.5B-Instruct,beyoru/Luna,0.1462,0.0784,0.0013,0.0321
Qwen/Qwen2.5-1.5B-Instruct,DavidAU/Qwen3-Horror-Instruct-Uncensored-262K-ctx-4B,0.1341,0.0784,0.0013,0.0321
Qwen/Qwen2.5-1.5B-Instruct,Tesslate/WEBGEN-4B-Preview,0.1321,0.0784,0.0013,0.0321
Qwen/Qwen2.5-1.5B-Instruct,jiawei-ucas/Qwen-2.5-7B-ConsistentChat,0.1269,0.0784,0.0013,0.0321
Qwen/Qwen2.5-1.5B-Instruct,janhq/Jan-v1-4B,0.1068,0.0784,0.0013,0.0321
Qwen/Qwen2.5-1.5B-Instruct,Qwen/Qwen3-4B-Thinking-2507,0.1063,0.0784,0.0013,0.0321
Qwen/Qwen2.5-1.5B-Instruct,Qwen/Qwen3-4B-Thinking-2507-FP8,0.106,0.0784,0.0013,0.0321
Qwen/Qwen2.5-1.5B-Instruct,huihui-ai/Huihui-Jan-v1-4B-abliterated,0.0846,0.0784,0.0013,0.0321
Qwen/Qwen2.5-3B-Instruct,Qwen/Qwen2.5-1.5B,0.228,0.1183,0.001,0.0479
Qwen/Qwen2.5-3B-Instruct,Qwen/Qwen2.5-1.5B-Instruct,0.2138,0.1183,0.001,0.0479
Qwen/Qwen2.5-3B-Instruct,Qwen/Qwen2.5-7B,0.1258,0.1183,0.001,0.0479
Qwen/Qwen2.5-3B-Instruct,DavidAU/Qwen3-Horror-Instruct-Uncensored-262K-ctx-4B,0.1205,0.1183,0.001,0.0479
Qwen/Qwen2.5-3B-Instruct,Qwen/Qwen3-4B-Instruct-2507,0.1205,0.1183,0.001,0.0479
Qwen/Qwen2.5-3B-Instruct,Tesslate/WEBGEN-4B-Preview,0.1205,0.1183,0.001,0.0479
Qwen/Qwen2.5-7B,jiawei-ucas/Qwen-2.5-7B-ConsistentChat,0.5754,0.0684,0.0014,0.0282
Qwen/Qwen2.5-7B,abocide/Qwen2.5-7B-Instruct-R1-forfinance,0.3502,0.0684,0.0014,0.0282
Qwen/Qwen2.5-7B,Qwen/Qwen2.5-7B-Instruct,0.3156,0.0684,0.0014,0.0282
Qwen/Qwen2.5-7B,Qwen/Qwen2.5-Coder-7B,0.106,0.0684,0.0014,0.0282
Qwen/Qwen2.5-7B,Qwen/Qwen2.5-1.5B,0.1059,0.0684,0.0014,0.0282
Qwen/Qwen2.5-7B,Qwen/Qwen3-4B-Instruct-2507,0.0825,0.0684,0.0014,0.0282
Qwen/Qwen2.5-7B,beyoru/Luna,0.0786,0.0684,0.0014,0.0282
Qwen/Qwen2.5-7B,Tesslate/WEBGEN-4B-Preview,0.0701,0.0684,0.0014,0.0282
Qwen/Qwen2.5-7B-Instruct,abocide/Qwen2.5-7B-Instruct-R1-forfinance,0.8145,0.1073,0.0009,0.0435
Qwen/Qwen2.5-7B-Instruct,jiawei-ucas/Qwen-2.5-7B-ConsistentChat,0.474,0.1073,0.0009,0.0435
Qwen/Qwen2.5-7B-Instruct,Qwen/Qwen2.5-7B,0.3909,0.1073,0.0009,0.0435
Qwen/Qwen2.5-7B-Instruct,Qwen/Qwen2-7B-Instruct,0.1459,0.1073,0.0009,0.0435
Qwen/Qwen2.5-Coder-7B,DeepHat/DeepHat-V1-7B,0.4055,0.1002,0.0019,0.0412
Qwen/Qwen2.5-Coder-7B,Qwen/Qwen2.5-Coder-7B-Instruct,0.2264,0.1002,0.0019,0.0412
Qwen/Qwen2.5-Coder-7B,Qwen/Qwen2.5-7B,0.1294,0.1002,0.0019,0.0412
Qwen/Qwen2.5-Coder-7B,Qwen/Qwen2.5-1.5B,0.1105,0.1002,0.0019,0.0412
Qwen/Qwen2.5-Coder-7B,continuedev/instinct,0.1075,0.1002,0.0019,0.0412
Qwen/Qwen2.5-Coder-7B,jiawei-ucas/Qwen-2.5-7B-ConsistentChat,0.1013,0.1002,0.0019,0.0412
Qwen/Qwen2.5-Coder-7B-Instruct,DeepHat/DeepHat-V1-7B,0.3377,0.092,0.0045,0.0395
Qwen/Qwen2.5-Coder-7B-Instruct,continuedev/instinct,0.2914,0.092,0.0045,0.0395
Qwen/Qwen2.5-Coder-7B-Instruct,Qwen/Qwen2.5-Coder-7B,0.203,0.092,0.0045,0.0395
Qwen/Qwen2.5-Coder-7B-Instruct,Qwen/Qwen2.5-7B-Instruct,0.0937,0.092,0.0045,0.0395
Qwen/Qwen2.5-Math-1.5B-Instruct,deepseek-ai/DeepSeek-R1-Distill-Qwen-1.5B,0.0761,0.0547,0.0078,0.0266
Qwen/Qwen3-0.6B,fluently/FluentlyQwen3-1.7B,0.1054,0.0559,0.0045,0.0251
Qwen/Qwen3-0.6B,Qwen/Qwen3-1.7B,0.1046,0.0559,0.0045,0.0251
Qwen/Qwen3-0.6B,janhq/Jan-v1-edge,0.1027,0.0559,0.0045,0.0251
Qwen/Qwen3-0.6B,Qwen/Qwen3-4B,0.0785,0.0559,0.0045,0.0251
Qwen/Qwen3-0.6B,Tesslate/UIGEN-X-4B-0729,0.0702,0.0559,0.0045,0.0251
Qwen/Qwen3-0.6B,beyoru/Luna,0.0702,0.0559,0.0045,0.0251
Qwen/Qwen3-0.6B,Qwen/Qwen3-4B-Instruct-2507,0.066,0.0559,0.0045,0.0251
Qwen/Qwen3-0.6B,Tesslate/WEBGEN-4B-Preview,0.0635,0.0559,0.0045,0.0251
Qwen/Qwen3-0.6B,Qwen/Qwen2.5-Coder-7B,0.0615,0.0559,0.0045,0.0251
Qwen/Qwen3-0.6B,janhq/Jan-v1-4B,0.0608,0.0559,0.0045,0.0251
Qwen/Qwen3-0.6B,Qwen/Qwen3-4B-Thinking-2507,0.0606,0.0559,0.0045,0.0251
Qwen/Qwen3-0.6B,Qwen/Qwen3-4B-Thinking-2507-FP8,0.0605,0.0559,0.0045,0.0251
Qwen/Qwen3-0.6B,Qwen/Qwen2.5-1.5B-Instruct,0.0574,0.0559,0.0045,0.0251
Qwen/Qwen3-0.6B,Qwen/Qwen2.5-3B-Instruct,0.0561,0.0559,0.0045,0.0251
Qwen/Qwen3-1.7B,fluently/FluentlyQwen3-1.7B,0.8942,0.0862,0.0046,0.0372
Qwen/Qwen3-1.7B,janhq/Jan-v1-edge,0.866,0.0862,0.0046,0.0372
Qwen/Qwen3-1.7B,Qwen/Qwen3-4B,0.1801,0.0862,0.0046,0.0372
Qwen/Qwen3-1.7B,Qwen/Qwen3-0.6B,0.1522,0.0862,0.0046,0.0372
Qwen/Qwen3-1.7B,Tesslate/UIGEN-X-4B-0729,0.1403,0.0862,0.0046,0.0372
Qwen/Qwen3-1.7B,beyoru/Luna,0.0937,0.0862,0.0046,0.0372
Qwen/Qwen3-1.7B,DavidAU/Qwen3-Horror-Instruct-Uncensored-262K-ctx-4B,0.0912,0.0862,0.0046,0.0372
Qwen/Qwen3-4B,Tesslate/UIGEN-X-4B-0729,0.6087,0.073,0.0039,0.0315
Qwen/Qwen3-4B,Qwen/Qwen3-4B-Thinking-2507,0.2919,0.073,0.0039,0.0315
Qwen/Qwen3-4B,Qwen/Qwen3-4B-Thinking-2507-FP8,0.2879,0.073,0.0039,0.0315
Qwen/Qwen3-4B,janhq/Jan-v1-4B,0.2854,0.073,0.0039,0.0315
Qwen/Qwen3-4B,huihui-ai/Huihui-Jan-v1-4B-abliterated,0.2797,0.073,0.0039,0.0315
Qwen/Qwen3-4B,Tesslate/WEBGEN-4B-Preview,0.2597,0.073,0.0039,0.0315
Qwen/Qwen3-4B,beyoru/Luna,0.2511,0.073,0.0039,0.0315
Qwen/Qwen3-4B,Qwen/Qwen3-4B-Instruct-2507,0.2502,0.073,0.0039,0.0315
Qwen/Qwen3-4B,DavidAU/Qwen3-Horror-Instruct-Uncensored-262K-ctx-4B,0.2336,0.073,0.0039,0.0315
Qwen/Qwen3-4B,Qwen/Qwen3-1.7B,0.1364,0.073,0.0039,0.0315
Qwen/Qwen3-4B,janhq/Jan-v1-edge,0.1354,0.073,0.0039,0.0315
Qwen/Qwen3-4B,fluently/FluentlyQwen3-1.7B,0.1352,0.073,0.0039,0.0315
Qwen/Qwen3-4B,Qwen/Qwen3-0.6B,0.0893,0.073,0.0039,0.0315
Qwen/Qwen3-4B-Instruct-2507,beyoru/Luna,0.8246,0.0998,0.0019,0.0411
Qwen/Qwen3-4B-Instruct-2507,Tesslate/WEBGEN-4B-Preview,0.7641,0.0998,0.0019,0.0411
Qwen/Qwen3-4B-Instruct-2507,DavidAU/Qwen3-Horror-Instruct-Uncensored-262K-ctx-4B,0.5916,0.0998,0.0019,0.0411
Qwen/Qwen3-4B-Instruct-2507,Qwen/Qwen3-4B-Thinking-2507,0.4769,0.0998,0.0019,0.0411
Qwen/Qwen3-4B-Instruct-2507,Qwen/Qwen3-4B-Thinking-2507-FP8,0.4768,0.0998,0.0019,0.0411
Qwen/Qwen3-4B-Instruct-2507,janhq/Jan-v1-4B,0.4759,0.0998,0.0019,0.0411
Qwen/Qwen3-4B-Instruct-2507,huihui-ai/Huihui-Jan-v1-4B-abliterated,0.403,0.0998,0.0019,0.0411
Qwen/Qwen3-4B-Instruct-2507,Qwen/Qwen3-4B,0.2795,0.0998,0.0019,0.0411
Qwen/Qwen3-4B-Instruct-2507,Tesslate/UIGEN-X-4B-0729,0.243,0.0998,0.0019,0.0411
Qwen/Qwen3-4B-Instruct-2507,Qwen/Qwen2.5-1.5B,0.1015,0.0998,0.0019,0.0411
Qwen/Qwen3-4B-Thinking-2507,Qwen/Qwen3-4B-Thinking-2507-FP8,0.9532,0.1041,0.0034,0.0437
Qwen/Qwen3-4B-Thinking-2507,janhq/Jan-v1-4B,0.9339,0.1041,0.0034,0.0437
Qwen/Qwen3-4B-Thinking-2507,huihui-ai/Huihui-Jan-v1-4B-abliterated,0.6442,0.1041,0.0034,0.0437
Qwen/Qwen3-4B-Thinking-2507,Qwen/Qwen3-4B-Instruct-2507,0.5239,0.1041,0.0034,0.0437
Qwen/Qwen3-4B-Thinking-2507,beyoru/Luna,0.5169,0.1041,0.0034,0.0437
Qwen/Qwen3-4B-Thinking-2507,Tesslate/WEBGEN-4B-Preview,0.5114,0.1041,0.0034,0.0437
Qwen/Qwen3-4B-Thinking-2507,DavidAU/Qwen3-Horror-Instruct-Uncensored-262K-ctx-4B,0.4228,0.1041,0.0034,0.0437
Qwen/Qwen3-4B-Thinking-2507,Tesslate/UIGEN-X-4B-0729,0.3258,0.1041,0.0034,0.0437
Qwen/Qwen3-4B-Thinking-2507,Qwen/Qwen3-4B,0.3056,0.1041,0.0034,0.0437
Qwen/Qwen3-4B-Thinking-2507,Qwen/Qwen2.5-1.5B,0.1159,0.1041,0.0034,0.0437
Qwen/Qwen3-4B-Thinking-2507-FP8,Qwen/Qwen3-4B-Thinking-2507,0.952,0.0921,0.0039,0.0392
Qwen/Qwen3-4B-Thinking-2507-FP8,janhq/Jan-v1-4B,0.9136,0.0921,0.0039,0.0392
Qwen/Qwen3-4B-Thinking-2507-FP8,huihui-ai/Huihui-Jan-v1-4B-abliterated,0.6192,0.0921,0.0039,0.0392
Qwen/Qwen3-4B-Thinking-2507-FP8,Qwen/Qwen3-4B-Instruct-2507,0.4704,0.0921,0.0039,0.0392
Qwen/Qwen3-4B-Thinking-2507-FP8,Tesslate/WEBGEN-4B-Preview,0.4666,0.0921,0.0039,0.0392
Qwen/Qwen3-4B-Thinking-2507-FP8,beyoru/Luna,0.4647,0.0921,0.0039,0.0392
Qwen/Qwen3-4B-Thinking-2507-FP8,DavidAU/Qwen3-Horror-Instruct-Uncensored-262K-ctx-4B,0.4144,0.0921,0.0039,0.0392
Qwen/Qwen3-4B-Thinking-2507-FP8,Qwen/Qwen3-4B,0.2981,0.0921,0.0039,0.0392
Qwen/Qwen3-4B-Thinking-2507-FP8,Tesslate/UIGEN-X-4B-0729,0.2961,0.0921,0.0039,0.0392
Qwen/Qwen3-4B-Thinking-2507-FP8,Qwen/Qwen2.5-3B-Instruct,0.1015,0.0921,0.0039,0.0392
Qwen/Qwen3-4B-Thinking-2507-FP8,Qwen/Qwen3-0.6B,0.0945,0.0921,0.0039,0.0392
S4nfs/Neeto-1.0-8b,gradientai/Llama-3-8B-Instruct-262k,0.3421,0.0523,0.0036,0.0231
S4nfs/Neeto-1.0-8b,askfjhaskjgh/UbermenschetienASI,0.2114,0.0523,0.0036,0.0231
S4nfs/Neeto-1.0-8b,elyza/Llama-3-ELYZA-JP-8B,0.1789,0.0523,0.0036,0.0231
S4nfs/Neeto-1.0-8b,deepseek-ai/DeepSeek-R1-Distill-Llama-8B,0.1226,0.0523,0.0036,0.0231
S4nfs/Neeto-1.0-8b,HuggingFaceTB/SmolLM3-3B,0.0748,0.0523,0.0036,0.0231
SciPhi/SciPhi-Mistral-7B-32k,SciPhi/SciPhi-Self-RAG-Mistral-7B-32k,0.724,0.127,0.0039,0.0531
SciPhi/SciPhi-Mistral-7B-32k,Nexusflow/Starling-LM-7B-beta,0.5423,0.127,0.0039,0.0531
SciPhi/SciPhi-Mistral-7B-32k,Intel/neural-chat-7b-v3-3,0.5319,0.127,0.0039,0.0531
SciPhi/SciPhi-Mistral-7B-32k,berkeley-nest/Starling-LM-7B-alpha,0.5269,0.127,0.0039,0.0531
SciPhi/SciPhi-Mistral-7B-32k,bardsai/jaskier-7b-dpo-v5.6,0.4962,0.127,0.0039,0.0531
SciPhi/SciPhi-Mistral-7B-32k,eren23/ogno-monarch-jaskier-merge-7b-OH-PREF-DPO,0.4914,0.127,0.0039,0.0531
SciPhi/SciPhi-Mistral-7B-32k,kevin009/llamaRAGdrama,0.49,0.127,0.0039,0.0531
SciPhi/SciPhi-Mistral-7B-32k,CultriX/NeuralTrix-bf16,0.4747,0.127,0.0039,0.0531
SciPhi/SciPhi-Mistral-7B-32k,CorticalStack/pastiche-crown-clown-7b-dare-dpo,0.4681,0.127,0.0039,0.0531
SciPhi/SciPhi-Mistral-7B-32k,BioMistral/BioMistral-7B-DARE,0.3476,0.127,0.0039,0.0531
SciPhi/SciPhi-Mistral-7B-32k,HuggingFaceH4/zephyr-7b-beta,0.3445,0.127,0.0039,0.0531
SciPhi/SciPhi-Mistral-7B-32k,dicta-il/dictalm2.0,0.3315,0.127,0.0039,0.0531
SciPhi/SciPhi-Mistral-7B-32k,Biomimicry-AI/ANIMA-Nectar-v2,0.3016,0.127,0.0039,0.0531
SciPhi/SciPhi-Mistral-7B-32k,BioMistral/BioMistral-7B,0.2572,0.127,0.0039,0.0531
SciPhi/SciPhi-Self-RAG-Mistral-7B-32k,SciPhi/SciPhi-Mistral-7B-32k,0.6747,0.1396,0.0057,0.0593
SciPhi/SciPhi-Self-RAG-Mistral-7B-32k,Nexusflow/Starling-LM-7B-beta,0.538,0.1396,0.0057,0.0593
SciPhi/SciPhi-Self-RAG-Mistral-7B-32k,berkeley-nest/Starling-LM-7B-alpha,0.5101,0.1396,0.0057,0.0593
SciPhi/SciPhi-Self-RAG-Mistral-7B-32k,kevin009/llamaRAGdrama,0.5079,0.1396,0.0057,0.0593
SciPhi/SciPhi-Self-RAG-Mistral-7B-32k,eren23/ogno-monarch-jaskier-merge-7b-OH-PREF-DPO,0.5016,0.1396,0.0057,0.0593
SciPhi/SciPhi-Self-RAG-Mistral-7B-32k,bardsai/jaskier-7b-dpo-v5.6,0.4954,0.1396,0.0057,0.0593
SciPhi/SciPhi-Self-RAG-Mistral-7B-32k,CorticalStack/pastiche-crown-clown-7b-dare-dpo,0.4773,0.1396,0.0057,0.0593
SciPhi/SciPhi-Self-RAG-Mistral-7B-32k,CultriX/NeuralTrix-bf16,0.4584,0.1396,0.0057,0.0593
SciPhi/SciPhi-Self-RAG-Mistral-7B-32k,Intel/neural-chat-7b-v3-3,0.4536,0.1396,0.0057,0.0593
SciPhi/SciPhi-Self-RAG-Mistral-7B-32k,HuggingFaceH4/zephyr-7b-beta,0.4467,0.1396,0.0057,0.0593
SciPhi/SciPhi-Self-RAG-Mistral-7B-32k,BioMistral/BioMistral-7B-DARE,0.4298,0.1396,0.0057,0.0593
SciPhi/SciPhi-Self-RAG-Mistral-7B-32k,BioMistral/BioMistral-7B,0.3534,0.1396,0.0057,0.0593
SciPhi/SciPhi-Self-RAG-Mistral-7B-32k,dicta-il/dictalm2.0,0.3443,0.1396,0.0057,0.0593
SciPhi/SciPhi-Self-RAG-Mistral-7B-32k,Biomimicry-AI/ANIMA-Nectar-v2,0.3398,0.1396,0.0057,0.0593
Tesslate/UIGEN-X-4B-0729,Qwen/Qwen3-4B,0.6155,0.0828,0.0072,0.0375
Tesslate/UIGEN-X-4B-0729,huihui-ai/Huihui-Jan-v1-4B-abliterated,0.276,0.0828,0.0072,0.0375
Tesslate/UIGEN-X-4B-0729,Qwen/Qwen3-4B-Thinking-2507,0.2719,0.0828,0.0072,0.0375
Tesslate/UIGEN-X-4B-0729,Qwen/Qwen3-4B-Thinking-2507-FP8,0.2698,0.0828,0.0072,0.0375
Tesslate/UIGEN-X-4B-0729,janhq/Jan-v1-4B,0.2639,0.0828,0.0072,0.0375
Tesslate/UIGEN-X-4B-0729,Tesslate/WEBGEN-4B-Preview,0.2373,0.0828,0.0072,0.0375
Tesslate/UIGEN-X-4B-0729,Qwen/Qwen3-4B-Instruct-2507,0.2203,0.0828,0.0072,0.0375
Tesslate/UIGEN-X-4B-0729,beyoru/Luna,0.2117,0.0828,0.0072,0.0375
Tesslate/UIGEN-X-4B-0729,DavidAU/Qwen3-Horror-Instruct-Uncensored-262K-ctx-4B,0.2002,0.0828,0.0072,0.0375
Tesslate/UIGEN-X-4B-0729,fluently/FluentlyQwen3-1.7B,0.1575,0.0828,0.0072,0.0375
Tesslate/UIGEN-X-4B-0729,janhq/Jan-v1-edge,0.1567,0.0828,0.0072,0.0375
Tesslate/UIGEN-X-4B-0729,Qwen/Qwen3-1.7B,0.1559,0.0828,0.0072,0.0375
Tesslate/UIGEN-X-4B-0729,Qwen/Qwen3-0.6B,0.109,0.0828,0.0072,0.0375
Tesslate/UIGEN-X-4B-0729,Qwen/Qwen2.5-Coder-7B-Instruct,0.0913,0.0828,0.0072,0.0375
Tesslate/UIGEN-X-4B-0729,Qwen/Qwen2.5-3B-Instruct,0.0842,0.0828,0.0072,0.0375
Tesslate/WEBGEN-4B-Preview,Qwen/Qwen3-4B-Instruct-2507,0.761,0.0858,0.0029,0.0361
Tesslate/WEBGEN-4B-Preview,beyoru/Luna,0.7167,0.0858,0.0029,0.0361
Tesslate/WEBGEN-4B-Preview,DavidAU/Qwen3-Horror-Instruct-Uncensored-262K-ctx-4B,0.6287,0.0858,0.0029,0.0361
Tesslate/WEBGEN-4B-Preview,Qwen/Qwen3-4B-Thinking-2507,0.4926,0.0858,0.0029,0.0361
Tesslate/WEBGEN-4B-Preview,janhq/Jan-v1-4B,0.4902,0.0858,0.0029,0.0361
Tesslate/WEBGEN-4B-Preview,Qwen/Qwen3-4B-Thinking-2507-FP8,0.4859,0.0858,0.0029,0.0361
Tesslate/WEBGEN-4B-Preview,huihui-ai/Huihui-Jan-v1-4B-abliterated,0.4226,0.0858,0.0029,0.0361
Tesslate/WEBGEN-4B-Preview,Qwen/Qwen3-4B,0.3312,0.0858,0.0029,0.0361
Tesslate/WEBGEN-4B-Preview,Tesslate/UIGEN-X-4B-0729,0.3009,0.0858,0.0029,0.0361
Tesslate/WEBGEN-4B-Preview,Qwen/Qwen2.5-3B-Instruct,0.1174,0.0858,0.0029,0.0361
Tesslate/WEBGEN-4B-Preview,Qwen/Qwen2.5-Coder-7B,0.1111,0.0858,0.0029,0.0361
Tesslate/WEBGEN-4B-Preview,Qwen/Qwen2.5-1.5B,0.109,0.0858,0.0029,0.0361
Tesslate/WEBGEN-4B-Preview,fluently/FluentlyQwen3-1.7B,0.1044,0.0858,0.0029,0.0361
Tesslate/WEBGEN-4B-Preview,janhq/Jan-v1-edge,0.1016,0.0858,0.0029,0.0361
Tesslate/WEBGEN-4B-Preview,Qwen/Qwen3-1.7B,0.1008,0.0858,0.0029,0.0361
Tesslate/WEBGEN-4B-Preview,Qwen/Qwen2.5-1.5B-Instruct,0.0947,0.0858,0.0029,0.0361
Tesslate/WEBGEN-4B-Preview,Qwen/Qwen2.5-7B,0.0906,0.0858,0.0029,0.0361
TheOneWhoWill/Bootstrap-LLM,PygmalionAI/pygmalion-2.7b,0.1031,0.0776,0.0066,0.035
TheOneWhoWill/Bootstrap-LLM,KoboldAI/GPT-Neo-2.7B-Horni-LN,0.0988,0.0776,0.0066,0.035
TheOneWhoWill/Bootstrap-LLM,EleutherAI/gpt-neo-1.3B,0.0832,0.0776,0.0066,0.035
TinyLlama/TinyLlama-1.1B-Chat-v0.5,TinyLlama/TinyLlama-1.1B-Chat-v1.0,0.3834,0.2595,0.0046,0.1066
TinyLlama/TinyLlama-1.1B-Chat-v0.5,TinyLlama/TinyLlama-1.1B-intermediate-step-1431k-3T,0.3686,0.2595,0.0046,0.1066
TinyLlama/TinyLlama-1.1B-Chat-v0.5,FelixChao/vicuna-7B-physics,0.2785,0.2595,0.0046,0.1066
TinyLlama/TinyLlama-1.1B-Chat-v1.0,TinyLlama/TinyLlama-1.1B-intermediate-step-1431k-3T,0.8482,0.2457,0.0052,0.1014
TinyLlama/TinyLlama-1.1B-Chat-v1.0,TinyLlama/TinyLlama-1.1B-Chat-v0.5,0.3284,0.2457,0.0052,0.1014
TinyLlama/TinyLlama-1.1B-Chat-v1.0,FelixChao/vicuna-7B-physics,0.2834,0.2457,0.0052,0.1014
TinyLlama/TinyLlama-1.1B-Chat-v1.0,FelixChao/vicuna-7B-chemical,0.2696,0.2457,0.0052,0.1014
TinyLlama/TinyLlama-1.1B-Chat-v1.0,lmsys/vicuna-7b-v1.1,0.2695,0.2457,0.0052,0.1014
TinyLlama/TinyLlama-1.1B-Chat-v1.0,TinyLlama/TinyLlama_v1.1_math_code,0.2646,0.2457,0.0052,0.1014
TinyLlama/TinyLlama-1.1B-Chat-v1.0,lmsys/vicuna-7b-v1.5-16k,0.2603,0.2457,0.0052,0.1014
TinyLlama/TinyLlama-1.1B-Chat-v1.0,PharMolix/BioMedGPT-LM-7B,0.2594,0.2457,0.0052,0.1014
TinyLlama/TinyLlama-1.1B-intermediate-step-1431k-3T,TinyLlama/TinyLlama-1.1B-Chat-v1.0,0.8706,0.237,0.0039,0.0972
TinyLlama/TinyLlama-1.1B-intermediate-step-1431k-3T,TinyLlama/TinyLlama-1.1B-Chat-v0.5,0.4224,0.237,0.0039,0.0972
TinyLlama/TinyLlama-1.1B-intermediate-step-1431k-3T,FelixChao/vicuna-7B-physics,0.3774,0.237,0.0039,0.0972
TinyLlama/TinyLlama-1.1B-intermediate-step-1431k-3T,TinyLlama/TinyLlama_v1.1,0.3595,0.237,0.0039,0.0972
TinyLlama/TinyLlama-1.1B-intermediate-step-1431k-3T,FelixChao/vicuna-7B-chemical,0.3544,0.237,0.0039,0.0972
TinyLlama/TinyLlama-1.1B-intermediate-step-1431k-3T,TinyLlama/TinyLlama_v1.1_math_code,0.3349,0.237,0.0039,0.0972
TinyLlama/TinyLlama-1.1B-intermediate-step-1431k-3T,lmsys/vicuna-7b-v1.5-16k,0.3337,0.237,0.0039,0.0972
TinyLlama/TinyLlama-1.1B-intermediate-step-1431k-3T,PharMolix/BioMedGPT-LM-7B,0.3234,0.237,0.0039,0.0972
TinyLlama/TinyLlama-1.1B-intermediate-step-1431k-3T,lmsys/vicuna-7b-v1.1,0.3086,0.237,0.0039,0.0972
TinyLlama/TinyLlama-1.1B-intermediate-step-1431k-3T,lmsys/vicuna-7b-v1.5,0.2991,0.237,0.0039,0.0972
TinyLlama/TinyLlama-1.1B-intermediate-step-1431k-3T,AdaptLLM/medicine-LLM,0.2623,0.237,0.0039,0.0972
TinyLlama/TinyLlama_v1.1,TinyLlama/TinyLlama_v1.1_math_code,0.2634,0.1272,0.0041,0.0533
TinyLlama/TinyLlama_v1.1,lmsys/vicuna-7b-v1.1,0.2287,0.1272,0.0041,0.0533
TinyLlama/TinyLlama_v1.1,AdaptLLM/medicine-LLM,0.2255,0.1272,0.0041,0.0533
TinyLlama/TinyLlama_v1.1,FelixChao/vicuna-7B-physics,0.2206,0.1272,0.0041,0.0533
TinyLlama/TinyLlama_v1.1,FelixChao/vicuna-7B-chemical,0.206,0.1272,0.0041,0.0533
TinyLlama/TinyLlama_v1.1,lmsys/vicuna-7b-v1.5-16k,0.2028,0.1272,0.0041,0.0533
TinyLlama/TinyLlama_v1.1,lmsys/vicuna-7b-v1.5,0.2005,0.1272,0.0041,0.0533
TinyLlama/TinyLlama_v1.1_math_code,TinyLlama/TinyLlama_v1.1,0.6167,0.2285,0.004,0.0938
TinyLlama/TinyLlama_v1.1_math_code,TinyLlama/TinyLlama-1.1B-intermediate-step-1431k-3T,0.4035,0.2285,0.004,0.0938
TinyLlama/TinyLlama_v1.1_math_code,TinyLlama/TinyLlama-1.1B-Chat-v1.0,0.4021,0.2285,0.004,0.0938
TinyLlama/TinyLlama_v1.1_math_code,TinyLlama/TinyLlama-1.1B-Chat-v0.5,0.3731,0.2285,0.004,0.0938
TinyLlama/TinyLlama_v1.1_math_code,lmsys/vicuna-7b-v1.5,0.3197,0.2285,0.004,0.0938
TinyLlama/TinyLlama_v1.1_math_code,FelixChao/vicuna-7B-physics,0.318,0.2285,0.004,0.0938
TinyLlama/TinyLlama_v1.1_math_code,lmsys/vicuna-7b-v1.5-16k,0.3179,0.2285,0.004,0.0938
TinyLlama/TinyLlama_v1.1_math_code,FelixChao/vicuna-7B-chemical,0.3129,0.2285,0.004,0.0938
TinyLlama/TinyLlama_v1.1_math_code,PharMolix/BioMedGPT-LM-7B,0.3111,0.2285,0.004,0.0938
TinyLlama/TinyLlama_v1.1_math_code,lmsys/vicuna-7b-v1.1,0.3021,0.2285,0.004,0.0938
TinyLlama/TinyLlama_v1.1_math_code,AdaptLLM/medicine-LLM,0.2773,0.2285,0.004,0.0938
abocide/Qwen2.5-7B-Instruct-R1-forfinance,Qwen/Qwen2.5-7B-Instruct,0.8232,0.1032,0.0013,0.0421
abocide/Qwen2.5-7B-Instruct-R1-forfinance,jiawei-ucas/Qwen-2.5-7B-ConsistentChat,0.4929,0.1032,0.0013,0.0421
abocide/Qwen2.5-7B-Instruct-R1-forfinance,Qwen/Qwen2.5-7B,0.4115,0.1032,0.0013,0.0421
abocide/Qwen2.5-7B-Instruct-R1-forfinance,Qwen/Qwen2-7B-Instruct,0.1431,0.1032,0.0013,0.0421
adamo1139/Apertus-8B-Instruct-2509-ungated,bigscience/bloom-560m,1.0,0.171,0.0008,0.0689
adamo1139/Apertus-8B-Instruct-2509-ungated,bigscience/bloomz-1b1,1.0,0.171,0.0008,0.0689
adamo1139/Apertus-8B-Instruct-2509-ungated,bigscience/bloomz-560m,1.0,0.171,0.0008,0.0689
adamo1139/Apertus-8B-Instruct-2509-ungated,chatitcloud/UZI1,1.0,0.171,0.0008,0.0689
adamo1139/Apertus-8B-Instruct-2509-ungated,google/gemma-3-4b-it,1.0,0.171,0.0008,0.0689
allenai/OLMoE-1B-7B-0924,EleutherAI/pythia-1.4b,0.2908,0.0755,0.0067,0.0342
allenai/OLMoE-1B-7B-0924,EleutherAI/pythia-2.8b,0.2894,0.0755,0.0067,0.0342
allenai/OLMoE-1B-7B-0924,EleutherAI/pythia-1b,0.2851,0.0755,0.0067,0.0342
allenai/OLMoE-1B-7B-0924,EleutherAI/pythia-6.9b,0.274,0.0755,0.0067,0.0342
askfjhaskjgh/UbermenschetienASI,gradientai/Llama-3-8B-Instruct-262k,0.2668,0.0391,0.0033,0.0176
askfjhaskjgh/UbermenschetienASI,elyza/Llama-3-ELYZA-JP-8B,0.192,0.0391,0.0033,0.0176
askfjhaskjgh/UbermenschetienASI,S4nfs/Neeto-1.0-8b,0.1898,0.0391,0.0033,0.0176
askfjhaskjgh/UbermenschetienASI,deepseek-ai/DeepSeek-R1-Distill-Llama-8B,0.117,0.0391,0.0033,0.0176
askfjhaskjgh/UbermenschetienASI,HuggingFaceTB/SmolLM3-3B,0.0396,0.0391,0.0033,0.0176
bardsai/jaskier-7b-dpo-v5.6,eren23/ogno-monarch-jaskier-merge-7b-OH-PREF-DPO,0.8981,0.1639,0.0043,0.0682
bardsai/jaskier-7b-dpo-v5.6,CorticalStack/pastiche-crown-clown-7b-dare-dpo,0.8836,0.1639,0.0043,0.0682
bardsai/jaskier-7b-dpo-v5.6,CultriX/NeuralTrix-bf16,0.876,0.1639,0.0043,0.0682
bardsai/jaskier-7b-dpo-v5.6,kevin009/llamaRAGdrama,0.815,0.1639,0.0043,0.0682
bardsai/jaskier-7b-dpo-v5.6,berkeley-nest/Starling-LM-7B-alpha,0.6706,0.1639,0.0043,0.0682
bardsai/jaskier-7b-dpo-v5.6,Nexusflow/Starling-LM-7B-beta,0.6498,0.1639,0.0043,0.0682
bardsai/jaskier-7b-dpo-v5.6,Intel/neural-chat-7b-v3-3,0.6406,0.1639,0.0043,0.0682
bardsai/jaskier-7b-dpo-v5.6,HuggingFaceH4/zephyr-7b-beta,0.6034,0.1639,0.0043,0.0682
bardsai/jaskier-7b-dpo-v5.6,SciPhi/SciPhi-Mistral-7B-32k,0.5659,0.1639,0.0043,0.0682
bardsai/jaskier-7b-dpo-v5.6,SciPhi/SciPhi-Self-RAG-Mistral-7B-32k,0.546,0.1639,0.0043,0.0682
bardsai/jaskier-7b-dpo-v5.6,BioMistral/BioMistral-7B-DARE,0.5242,0.1639,0.0043,0.0682
bardsai/jaskier-7b-dpo-v5.6,BioMistral/BioMistral-7B,0.4967,0.1639,0.0043,0.0682
bardsai/jaskier-7b-dpo-v5.6,dicta-il/dictalm2.0,0.4965,0.1639,0.0043,0.0682
bardsai/jaskier-7b-dpo-v5.6,Biomimicry-AI/ANIMA-Nectar-v2,0.4144,0.1639,0.0043,0.0682
berkeley-nest/Starling-LM-7B-alpha,Nexusflow/Starling-LM-7B-beta,0.6092,0.1287,0.0063,0.0553
berkeley-nest/Starling-LM-7B-alpha,eren23/ogno-monarch-jaskier-merge-7b-OH-PREF-DPO,0.5528,0.1287,0.0063,0.0553
berkeley-nest/Starling-LM-7B-alpha,bardsai/jaskier-7b-dpo-v5.6,0.5447,0.1287,0.0063,0.0553
berkeley-nest/Starling-LM-7B-alpha,CorticalStack/pastiche-crown-clown-7b-dare-dpo,0.5375,0.1287,0.0063,0.0553
berkeley-nest/Starling-LM-7B-alpha,CultriX/NeuralTrix-bf16,0.5268,0.1287,0.0063,0.0553
berkeley-nest/Starling-LM-7B-alpha,kevin009/llamaRAGdrama,0.5146,0.1287,0.0063,0.0553
berkeley-nest/Starling-LM-7B-alpha,Intel/neural-chat-7b-v3-3,0.4687,0.1287,0.0063,0.0553
berkeley-nest/Starling-LM-7B-alpha,SciPhi/SciPhi-Self-RAG-Mistral-7B-32k,0.4318,0.1287,0.0063,0.0553
berkeley-nest/Starling-LM-7B-alpha,SciPhi/SciPhi-Mistral-7B-32k,0.4142,0.1287,0.0063,0.0553
berkeley-nest/Starling-LM-7B-alpha,BioMistral/BioMistral-7B-DARE,0.3867,0.1287,0.0063,0.0553
berkeley-nest/Starling-LM-7B-alpha,HuggingFaceH4/zephyr-7b-beta,0.3544,0.1287,0.0063,0.0553
berkeley-nest/Starling-LM-7B-alpha,dicta-il/dictalm2.0,0.3419,0.1287,0.0063,0.0553
berkeley-nest/Starling-LM-7B-alpha,BioMistral/BioMistral-7B,0.341,0.1287,0.0063,0.0553
berkeley-nest/Starling-LM-7B-alpha,Biomimicry-AI/ANIMA-Nectar-v2,0.3009,0.1287,0.0063,0.0553
beruniy/Llama-3.2-3B-Instruct-Uz,bxod/Llama-3.2-1B-Instruct-uz,0.1077,0.0239,0.0085,0.0146
beruniy/Llama-3.2-3B-Instruct-Uz,elyza/Llama-3-ELYZA-JP-8B,0.0449,0.0239,0.0085,0.0146
beruniy/Llama-3.2-3B-Instruct-Uz,deepseek-ai/DeepSeek-R1-Distill-Llama-8B,0.0344,0.0239,0.0085,0.0146
beruniy/Llama-3.2-3B-Instruct-Uz,askfjhaskjgh/UbermenschetienASI,0.0282,0.0239,0.0085,0.0146
beyoru/Luna,Qwen/Qwen3-4B-Instruct-2507,0.7842,0.0966,0.002,0.0398
beyoru/Luna,Tesslate/WEBGEN-4B-Preview,0.6374,0.0966,0.002,0.0398
beyoru/Luna,DavidAU/Qwen3-Horror-Instruct-Uncensored-262K-ctx-4B,0.521,0.0966,0.002,0.0398
beyoru/Luna,Qwen/Qwen3-4B-Thinking-2507,0.4696,0.0966,0.002,0.0398
beyoru/Luna,janhq/Jan-v1-4B,0.4672,0.0966,0.002,0.0398
beyoru/Luna,Qwen/Qwen3-4B-Thinking-2507-FP8,0.4668,0.0966,0.002,0.0398
beyoru/Luna,huihui-ai/Huihui-Jan-v1-4B-abliterated,0.3438,0.0966,0.002,0.0398
beyoru/Luna,Qwen/Qwen3-4B,0.2274,0.0966,0.002,0.0398
beyoru/Luna,Tesslate/UIGEN-X-4B-0729,0.1954,0.0966,0.002,0.0398
beyoru/Luna,Qwen/Qwen2.5-1.5B,0.1055,0.0966,0.002,0.0398
beyoru/Luna,Qwen/Qwen2.5-7B,0.1006,0.0966,0.002,0.0398
bigscience/bloom-560m,adamo1139/Apertus-8B-Instruct-2509-ungated,1.0,0.1825,0.0006,0.0733
bigscience/bloom-560m,bigscience/bloomz-1b1,1.0,0.1825,0.0006,0.0733
bigscience/bloom-560m,bigscience/bloomz-560m,1.0,0.1825,0.0006,0.0733
bigscience/bloom-560m,chatitcloud/UZI1,1.0,0.1825,0.0006,0.0733
bigscience/bloom-560m,google/gemma-3-4b-it,1.0,0.1825,0.0006,0.0733
bigscience/bloomz-1b1,adamo1139/Apertus-8B-Instruct-2509-ungated,1.0,0.1752,0.0012,0.0708
bigscience/bloomz-1b1,bigscience/bloom-560m,1.0,0.1752,0.0012,0.0708
bigscience/bloomz-1b1,bigscience/bloomz-560m,1.0,0.1752,0.0012,0.0708
bigscience/bloomz-1b1,chatitcloud/UZI1,1.0,0.1752,0.0012,0.0708
bigscience/bloomz-1b1,google/gemma-3-4b-it,1.0,0.1752,0.0012,0.0708
bigscience/bloomz-1b7,google/gemma-2b-it,0.0118,0.0098,0.0009,0.0045
bigscience/bloomz-560m,adamo1139/Apertus-8B-Instruct-2509-ungated,1.0,0.1555,0.0009,0.0628
bigscience/bloomz-560m,bigscience/bloom-560m,1.0,0.1555,0.0009,0.0628
bigscience/bloomz-560m,bigscience/bloomz-1b1,1.0,0.1555,0.0009,0.0628
bigscience/bloomz-560m,chatitcloud/UZI1,1.0,0.1555,0.0009,0.0628
bigscience/bloomz-560m,google/gemma-3-4b-it,1.0,0.1555,0.0009,0.0628
bxod/Llama-3.2-1B-Instruct-uz,beruniy/Llama-3.2-3B-Instruct-Uz,0.1046,0.0224,0.0081,0.0139
bxod/Llama-3.2-1B-Instruct-uz,elyza/Llama-3-ELYZA-JP-8B,0.0429,0.0224,0.0081,0.0139
bxod/Llama-3.2-1B-Instruct-uz,deepseek-ai/DeepSeek-R1-Distill-Llama-8B,0.0364,0.0224,0.0081,0.0139
bxod/Llama-3.2-1B-Instruct-uz,gradientai/Llama-3-8B-Instruct-262k,0.0289,0.0224,0.0081,0.0139
bxod/Llama-3.2-1B-Instruct-uz,askfjhaskjgh/UbermenschetienASI,0.028,0.0224,0.0081,0.0139
bxod/Llama-3.2-1B-Instruct-uz,HuggingFaceTB/SmolLM3-3B,0.0248,0.0224,0.0081,0.0139
chatitcloud/UZI1,adamo1139/Apertus-8B-Instruct-2509-ungated,1.0,0.1723,0.0027,0.0705
chatitcloud/UZI1,google/gemma-3-4b-it,1.0,0.1723,0.0027,0.0705
chatitcloud/UZI1,bigscience/bloomz-560m,0.8077,0.1723,0.0027,0.0705
chatitcloud/UZI1,bigscience/bloom-560m,0.8067,0.1723,0.0027,0.0705
chatitcloud/UZI1,bigscience/bloomz-1b1,0.8001,0.1723,0.0027,0.0705
chatitcloud/UZI1,bigscience/bloomz-1b7,0.8,0.1723,0.0027,0.0705
continuedev/instinct,DeepHat/DeepHat-V1-7B,0.3384,0.0787,0.0021,0.0328
continuedev/instinct,Qwen/Qwen2.5-Coder-7B-Instruct,0.3262,0.0787,0.0021,0.0328
continuedev/instinct,Qwen/Qwen2.5-Coder-7B,0.1952,0.0787,0.0021,0.0328
deepseek-ai/DeepSeek-R1-Distill-Llama-8B,gradientai/Llama-3-8B-Instruct-262k,0.1934,0.0267,0.0096,0.0164
deepseek-ai/DeepSeek-R1-Distill-Llama-8B,elyza/Llama-3-ELYZA-JP-8B,0.1401,0.0267,0.0096,0.0164
deepseek-ai/DeepSeek-R1-Distill-Llama-8B,askfjhaskjgh/UbermenschetienASI,0.1225,0.0267,0.0096,0.0164
deepseek-ai/DeepSeek-R1-Distill-Llama-8B,S4nfs/Neeto-1.0-8b,0.1156,0.0267,0.0096,0.0164
deepseek-ai/DeepSeek-R1-Distill-Llama-8B,HuggingFaceTB/SmolLM3-3B,0.0484,0.0267,0.0096,0.0164
deepseek-ai/DeepSeek-R1-Distill-Llama-8B,bxod/Llama-3.2-1B-Instruct-uz,0.0305,0.0267,0.0096,0.0164
deepseek-ai/DeepSeek-R1-Distill-Llama-8B,beruniy/Llama-3.2-3B-Instruct-Uz,0.028,0.0267,0.0096,0.0164
deepseek-ai/DeepSeek-R1-Distill-Qwen-1.5B,deepseek-ai/DeepSeek-R1-Distill-Qwen-7B,0.0593,0.0317,0.0081,0.0175
deepseek-ai/DeepSeek-R1-Distill-Qwen-1.5B,Qwen/Qwen2.5-Coder-7B-Instruct,0.0363,0.0317,0.0081,0.0175
deepseek-ai/DeepSeek-R1-Distill-Qwen-1.5B,Qwen/Qwen3-4B-Thinking-2507,0.0361,0.0317,0.0081,0.0175
deepseek-ai/DeepSeek-R1-Distill-Qwen-1.5B,janhq/Jan-v1-4B,0.036,0.0317,0.0081,0.0175
deepseek-ai/DeepSeek-R1-Distill-Qwen-1.5B,Qwen/Qwen3-4B-Thinking-2507-FP8,0.0353,0.0317,0.0081,0.0175
deepseek-ai/DeepSeek-R1-Distill-Qwen-1.5B,Qwen/Qwen3-1.7B,0.0337,0.0317,0.0081,0.0175
deepseek-ai/DeepSeek-R1-Distill-Qwen-1.5B,huihui-ai/Huihui-Jan-v1-4B-abliterated,0.0336,0.0317,0.0081,0.0175
deepseek-ai/DeepSeek-R1-Distill-Qwen-7B,deepseek-ai/DeepSeek-R1-Distill-Qwen-1.5B,0.0459,0.03,0.0092,0.0175
deepseek-ai/DeepSeek-R1-Distill-Qwen-7B,Qwen/Qwen2.5-Coder-7B-Instruct,0.0407,0.03,0.0092,0.0175
deepseek-ai/DeepSeek-R1-Distill-Qwen-7B,Qwen/Qwen3-4B-Thinking-2507,0.0318,0.03,0.0092,0.0175
deepseek-ai/DeepSeek-R1-Distill-Qwen-7B,Qwen/Qwen3-4B-Thinking-2507-FP8,0.0316,0.03,0.0092,0.0175
deepseek-ai/DeepSeek-R1-Distill-Qwen-7B,janhq/Jan-v1-4B,0.0315,0.03,0.0092,0.0175
deepseek-ai/DeepSeek-R1-Distill-Qwen-7B,huihui-ai/Huihui-Jan-v1-4B-abliterated,0.0303,0.03,0.0092,0.0175
dicta-il/dictalm2.0,Nexusflow/Starling-LM-7B-beta,0.5147,0.2157,0.0043,0.0889
dicta-il/dictalm2.0,HuggingFaceH4/zephyr-7b-beta,0.5026,0.2157,0.0043,0.0889
dicta-il/dictalm2.0,berkeley-nest/Starling-LM-7B-alpha,0.4788,0.2157,0.0043,0.0889
dicta-il/dictalm2.0,CorticalStack/pastiche-crown-clown-7b-dare-dpo,0.4728,0.2157,0.0043,0.0889
dicta-il/dictalm2.0,eren23/ogno-monarch-jaskier-merge-7b-OH-PREF-DPO,0.4716,0.2157,0.0043,0.0889
dicta-il/dictalm2.0,BioMistral/BioMistral-7B,0.4616,0.2157,0.0043,0.0889
dicta-il/dictalm2.0,bardsai/jaskier-7b-dpo-v5.6,0.4607,0.2157,0.0043,0.0889
dicta-il/dictalm2.0,SciPhi/SciPhi-Mistral-7B-32k,0.4364,0.2157,0.0043,0.0889
dicta-il/dictalm2.0,CultriX/NeuralTrix-bf16,0.4325,0.2157,0.0043,0.0889
dicta-il/dictalm2.0,SciPhi/SciPhi-Self-RAG-Mistral-7B-32k,0.431,0.2157,0.0043,0.0889
dicta-il/dictalm2.0,Intel/neural-chat-7b-v3-3,0.4249,0.2157,0.0043,0.0889
dicta-il/dictalm2.0,kevin009/llamaRAGdrama,0.4196,0.2157,0.0043,0.0889
dicta-il/dictalm2.0,BioMistral/BioMistral-7B-DARE,0.4105,0.2157,0.0043,0.0889
dicta-il/dictalm2.0,Biomimicry-AI/ANIMA-Nectar-v2,0.3204,0.2157,0.0043,0.0889
elyza/Llama-3-ELYZA-JP-8B,gradientai/Llama-3-8B-Instruct-262k,0.3389,0.0358,0.0047,0.0172
elyza/Llama-3-ELYZA-JP-8B,S4nfs/Neeto-1.0-8b,0.2167,0.0358,0.0047,0.0172
elyza/Llama-3-ELYZA-JP-8B,askfjhaskjgh/UbermenschetienASI,0.1883,0.0358,0.0047,0.0172
elyza/Llama-3-ELYZA-JP-8B,deepseek-ai/DeepSeek-R1-Distill-Llama-8B,0.1774,0.0358,0.0047,0.0172
elyza/Llama-3-ELYZA-JP-8B,HuggingFaceTB/SmolLM3-3B,0.0632,0.0358,0.0047,0.0172
eren23/ogno-monarch-jaskier-merge-7b-OH-PREF-DPO,bardsai/jaskier-7b-dpo-v5.6,0.9002,0.159,0.0039,0.066
eren23/ogno-monarch-jaskier-merge-7b-OH-PREF-DPO,CorticalStack/pastiche-crown-clown-7b-dare-dpo,0.8948,0.159,0.0039,0.066
eren23/ogno-monarch-jaskier-merge-7b-OH-PREF-DPO,CultriX/NeuralTrix-bf16,0.855,0.159,0.0039,0.066
eren23/ogno-monarch-jaskier-merge-7b-OH-PREF-DPO,kevin009/llamaRAGdrama,0.7658,0.159,0.0039,0.066
eren23/ogno-monarch-jaskier-merge-7b-OH-PREF-DPO,berkeley-nest/Starling-LM-7B-alpha,0.6387,0.159,0.0039,0.066
eren23/ogno-monarch-jaskier-merge-7b-OH-PREF-DPO,Nexusflow/Starling-LM-7B-beta,0.6298,0.159,0.0039,0.066
eren23/ogno-monarch-jaskier-merge-7b-OH-PREF-DPO,Intel/neural-chat-7b-v3-3,0.6187,0.159,0.0039,0.066
eren23/ogno-monarch-jaskier-merge-7b-OH-PREF-DPO,SciPhi/SciPhi-Mistral-7B-32k,0.5765,0.159,0.0039,0.066
eren23/ogno-monarch-jaskier-merge-7b-OH-PREF-DPO,SciPhi/SciPhi-Self-RAG-Mistral-7B-32k,0.5606,0.159,0.0039,0.066
eren23/ogno-monarch-jaskier-merge-7b-OH-PREF-DPO,HuggingFaceH4/zephyr-7b-beta,0.5015,0.159,0.0039,0.066
eren23/ogno-monarch-jaskier-merge-7b-OH-PREF-DPO,BioMistral/BioMistral-7B-DARE,0.4855,0.159,0.0039,0.066
eren23/ogno-monarch-jaskier-merge-7b-OH-PREF-DPO,dicta-il/dictalm2.0,0.4638,0.159,0.0039,0.066
eren23/ogno-monarch-jaskier-merge-7b-OH-PREF-DPO,BioMistral/BioMistral-7B,0.4436,0.159,0.0039,0.066
eren23/ogno-monarch-jaskier-merge-7b-OH-PREF-DPO,Biomimicry-AI/ANIMA-Nectar-v2,0.3955,0.159,0.0039,0.066
fluently/FluentlyQwen3-1.7B,Qwen/Qwen3-1.7B,0.8791,0.0769,0.0047,0.0336
fluently/FluentlyQwen3-1.7B,janhq/Jan-v1-edge,0.8491,0.0769,0.0047,0.0336
fluently/FluentlyQwen3-1.7B,Qwen/Qwen3-4B,0.1511,0.0769,0.0047,0.0336
fluently/FluentlyQwen3-1.7B,Qwen/Qwen3-0.6B,0.1323,0.0769,0.0047,0.0336
fluently/FluentlyQwen3-1.7B,Tesslate/UIGEN-X-4B-0729,0.1059,0.0769,0.0047,0.0336
fluently/FluentlyQwen3-1.7B,beyoru/Luna,0.0849,0.0769,0.0047,0.0336
fluently/FluentlyQwen3-1.7B,DavidAU/Qwen3-Horror-Instruct-Uncensored-262K-ctx-4B,0.0796,0.0769,0.0047,0.0336
fluently/FluentlyQwen3-1.7B,Qwen/Qwen3-4B-Instruct-2507,0.0784,0.0769,0.0047,0.0336
google/gemma-3-4b-it,adamo1139/Apertus-8B-Instruct-2509-ungated,1.0,0.1768,0.0019,0.0718
google/gemma-3-4b-it,bigscience/bloom-560m,1.0,0.1768,0.0019,0.0718
google/gemma-3-4b-it,bigscience/bloomz-1b1,1.0,0.1768,0.0019,0.0718
google/gemma-3-4b-it,bigscience/bloomz-560m,1.0,0.1768,0.0019,0.0718
google/gemma-3-4b-it,chatitcloud/UZI1,1.0,0.1768,0.0019,0.0718
gradientai/Llama-3-8B-Instruct-262k,S4nfs/Neeto-1.0-8b,0.4108,0.0528,0.0026,0.0227
gradientai/Llama-3-8B-Instruct-262k,elyza/Llama-3-ELYZA-JP-8B,0.293,0.0528,0.0026,0.0227
gradientai/Llama-3-8B-Instruct-262k,askfjhaskjgh/UbermenschetienASI,0.2677,0.0528,0.0026,0.0227
gradientai/Llama-3-8B-Instruct-262k,deepseek-ai/DeepSeek-R1-Distill-Llama-8B,0.1469,0.0528,0.0026,0.0227
gradientai/Llama-3-8B-Instruct-262k,HuggingFaceTB/SmolLM3-3B,0.0799,0.0528,0.0026,0.0227
huihui-ai/Huihui-Jan-v1-4B-abliterated,Qwen/Qwen3-4B-Thinking-2507,0.597,0.1051,0.0033,0.044
huihui-ai/Huihui-Jan-v1-4B-abliterated,Qwen/Qwen3-4B-Thinking-2507-FP8,0.5933,0.1051,0.0033,0.044
huihui-ai/Huihui-Jan-v1-4B-abliterated,janhq/Jan-v1-4B,0.5907,0.1051,0.0033,0.044
huihui-ai/Huihui-Jan-v1-4B-abliterated,Tesslate/WEBGEN-4B-Preview,0.3823,0.1051,0.0033,0.044
huihui-ai/Huihui-Jan-v1-4B-abliterated,Qwen/Qwen3-4B-Instruct-2507,0.3606,0.1051,0.0033,0.044
huihui-ai/Huihui-Jan-v1-4B-abliterated,beyoru/Luna,0.3524,0.1051,0.0033,0.044
huihui-ai/Huihui-Jan-v1-4B-abliterated,DavidAU/Qwen3-Horror-Instruct-Uncensored-262K-ctx-4B,0.3237,0.1051,0.0033,0.044
huihui-ai/Huihui-Jan-v1-4B-abliterated,Qwen/Qwen3-4B,0.2272,0.1051,0.0033,0.044
huihui-ai/Huihui-Jan-v1-4B-abliterated,Tesslate/UIGEN-X-4B-0729,0.2255,0.1051,0.0033,0.044
janhq/Jan-v1-4B,Qwen/Qwen3-4B-Thinking-2507,0.9117,0.065,0.0032,0.0279
janhq/Jan-v1-4B,Qwen/Qwen3-4B-Thinking-2507-FP8,0.9008,0.065,0.0032,0.0279
janhq/Jan-v1-4B,huihui-ai/Huihui-Jan-v1-4B-abliterated,0.5669,0.065,0.0032,0.0279
janhq/Jan-v1-4B,Qwen/Qwen3-4B-Instruct-2507,0.395,0.065,0.0032,0.0279
janhq/Jan-v1-4B,Tesslate/WEBGEN-4B-Preview,0.3833,0.065,0.0032,0.0279
janhq/Jan-v1-4B,beyoru/Luna,0.3765,0.065,0.0032,0.0279
janhq/Jan-v1-4B,DavidAU/Qwen3-Horror-Instruct-Uncensored-262K-ctx-4B,0.331,0.065,0.0032,0.0279
janhq/Jan-v1-4B,Qwen/Qwen3-4B,0.2568,0.065,0.0032,0.0279
janhq/Jan-v1-4B,Tesslate/UIGEN-X-4B-0729,0.2528,0.065,0.0032,0.0279
janhq/Jan-v1-4B,Qwen/Qwen2.5-3B-Instruct,0.077,0.065,0.0032,0.0279
janhq/Jan-v1-4B,fluently/FluentlyQwen3-1.7B,0.074,0.065,0.0032,0.0279
janhq/Jan-v1-4B,janhq/Jan-v1-edge,0.0726,0.065,0.0032,0.0279
janhq/Jan-v1-4B,Qwen/Qwen3-1.7B,0.0717,0.065,0.0032,0.0279
janhq/Jan-v1-4B,Qwen/Qwen2.5-1.5B,0.0693,0.065,0.0032,0.0279
janhq/Jan-v1-4B,Qwen/Qwen2.5-1.5B-Instruct,0.0687,0.065,0.0032,0.0279
janhq/Jan-v1-4B,Qwen/Qwen3-0.6B,0.0658,0.065,0.0032,0.0279
janhq/Jan-v1-edge,Qwen/Qwen3-1.7B,0.8672,0.0748,0.0044,0.0326
janhq/Jan-v1-edge,fluently/FluentlyQwen3-1.7B,0.8665,0.0748,0.0044,0.0326
janhq/Jan-v1-edge,Qwen/Qwen3-4B,0.1978,0.0748,0.0044,0.0326
janhq/Jan-v1-edge,Tesslate/UIGEN-X-4B-0729,0.1561,0.0748,0.0044,0.0326
janhq/Jan-v1-edge,janhq/Jan-v1-4B,0.124,0.0748,0.0044,0.0326
janhq/Jan-v1-edge,Qwen/Qwen3-4B-Thinking-2507-FP8,0.1235,0.0748,0.0044,0.0326
janhq/Jan-v1-edge,Qwen/Qwen3-4B-Thinking-2507,0.1232,0.0748,0.0044,0.0326
janhq/Jan-v1-edge,Qwen/Qwen3-0.6B,0.1229,0.0748,0.0044,0.0326
janhq/Jan-v1-edge,huihui-ai/Huihui-Jan-v1-4B-abliterated,0.1104,0.0748,0.0044,0.0326
janhq/Jan-v1-edge,beyoru/Luna,0.1062,0.0748,0.0044,0.0326
janhq/Jan-v1-edge,Tesslate/WEBGEN-4B-Preview,0.105,0.0748,0.0044,0.0326
janhq/Jan-v1-edge,Qwen/Qwen3-4B-Instruct-2507,0.1011,0.0748,0.0044,0.0326
janhq/Jan-v1-edge,DavidAU/Qwen3-Horror-Instruct-Uncensored-262K-ctx-4B,0.1,0.0748,0.0044,0.0326
janhq/Jan-v1-edge,Qwen/Qwen2.5-3B-Instruct,0.0973,0.0748,0.0044,0.0326
janhq/Jan-v1-edge,Qwen/Qwen2.5-Coder-7B-Instruct,0.0779,0.0748,0.0044,0.0326
jiawei-ucas/Qwen-2.5-7B-ConsistentChat,Qwen/Qwen2.5-7B,0.6932,0.0744,0.001,0.0303
jiawei-ucas/Qwen-2.5-7B-ConsistentChat,abocide/Qwen2.5-7B-Instruct-R1-forfinance,0.5206,0.0744,0.001,0.0303
jiawei-ucas/Qwen-2.5-7B-ConsistentChat,Qwen/Qwen2.5-7B-Instruct,0.4833,0.0744,0.001,0.0303
jiawei-ucas/Qwen-2.5-7B-ConsistentChat,Qwen/Qwen2.5-Coder-7B,0.1438,0.0744,0.001,0.0303
jiawei-ucas/Qwen-2.5-7B-ConsistentChat,Qwen/Qwen2.5-1.5B,0.0993,0.0744,0.001,0.0303
jiawei-ucas/Qwen-2.5-7B-ConsistentChat,DeepHat/DeepHat-V1-7B,0.0915,0.0744,0.001,0.0303
jiawei-ucas/Qwen-2.5-7B-ConsistentChat,Qwen/Qwen2-7B-Instruct,0.0852,0.0744,0.001,0.0303
jiawei-ucas/Qwen-2.5-7B-ConsistentChat,Qwen/Qwen2.5-1.5B-Instruct,0.0786,0.0744,0.001,0.0303
jiawei-ucas/Qwen-2.5-7B-ConsistentChat,Qwen/Qwen3-4B-Instruct-2507,0.0781,0.0744,0.001,0.0303
jiawei-ucas/Qwen-2.5-7B-ConsistentChat,beyoru/Luna,0.0755,0.0744,0.001,0.0303
kevin009/llamaRAGdrama,bardsai/jaskier-7b-dpo-v5.6,0.8173,0.1489,0.0043,0.0622
kevin009/llamaRAGdrama,CorticalStack/pastiche-crown-clown-7b-dare-dpo,0.7889,0.1489,0.0043,0.0622
kevin009/llamaRAGdrama,eren23/ogno-monarch-jaskier-merge-7b-OH-PREF-DPO,0.7885,0.1489,0.0043,0.0622
kevin009/llamaRAGdrama,CultriX/NeuralTrix-bf16,0.7707,0.1489,0.0043,0.0622
kevin009/llamaRAGdrama,berkeley-nest/Starling-LM-7B-alpha,0.667,0.1489,0.0043,0.0622
kevin009/llamaRAGdrama,Intel/neural-chat-7b-v3-3,0.6319,0.1489,0.0043,0.0622
kevin009/llamaRAGdrama,Nexusflow/Starling-LM-7B-beta,0.6264,0.1489,0.0043,0.0622
kevin009/llamaRAGdrama,SciPhi/SciPhi-Self-RAG-Mistral-7B-32k,0.5622,0.1489,0.0043,0.0622
kevin009/llamaRAGdrama,SciPhi/SciPhi-Mistral-7B-32k,0.5423,0.1489,0.0043,0.0622
kevin009/llamaRAGdrama,HuggingFaceH4/zephyr-7b-beta,0.5384,0.1489,0.0043,0.0622
kevin009/llamaRAGdrama,BioMistral/BioMistral-7B-DARE,0.4972,0.1489,0.0043,0.0622
kevin009/llamaRAGdrama,dicta-il/dictalm2.0,0.4509,0.1489,0.0043,0.0622
kevin009/llamaRAGdrama,BioMistral/BioMistral-7B,0.4408,0.1489,0.0043,0.0622
kevin009/llamaRAGdrama,Biomimicry-AI/ANIMA-Nectar-v2,0.3949,0.1489,0.0043,0.0622
lmsys/vicuna-7b-v1.1,AdaptLLM/medicine-LLM,0.5599,0.2659,0.0058,0.1099
lmsys/vicuna-7b-v1.1,PharMolix/BioMedGPT-LM-7B,0.3929,0.2659,0.0058,0.1099
lmsys/vicuna-7b-v1.1,lmsys/vicuna-7b-v1.5,0.3786,0.2659,0.0058,0.1099
lmsys/vicuna-7b-v1.1,lmsys/vicuna-7b-v1.5-16k,0.3466,0.2659,0.0058,0.1099
lmsys/vicuna-7b-v1.1,TinyLlama/TinyLlama-1.1B-intermediate-step-1431k-3T,0.3315,0.2659,0.0058,0.1099
lmsys/vicuna-7b-v1.1,FelixChao/vicuna-7B-chemical,0.3305,0.2659,0.0058,0.1099
lmsys/vicuna-7b-v1.1,FelixChao/vicuna-7B-physics,0.313,0.2659,0.0058,0.1099
lmsys/vicuna-7b-v1.1,TinyLlama/TinyLlama-1.1B-Chat-v0.5,0.2928,0.2659,0.0058,0.1099
lmsys/vicuna-7b-v1.1,TinyLlama/TinyLlama_v1.1_math_code,0.2765,0.2659,0.0058,0.1099
lmsys/vicuna-7b-v1.1,TinyLlama/TinyLlama_v1.1,0.2708,0.2659,0.0058,0.1099
lmsys/vicuna-7b-v1.1,TinyLlama/TinyLlama-1.1B-Chat-v1.0,0.2664,0.2659,0.0058,0.1099
lmsys/vicuna-7b-v1.5,lmsys/vicuna-7b-v1.5-16k,0.5487,0.2563,0.0061,0.1061
lmsys/vicuna-7b-v1.5,PharMolix/BioMedGPT-LM-7B,0.3616,0.2563,0.0061,0.1061
lmsys/vicuna-7b-v1.5,lmsys/vicuna-7b-v1.1,0.2823,0.2563,0.0061,0.1061
lmsys/vicuna-7b-v1.5,FelixChao/vicuna-7B-chemical,0.2783,0.2563,0.0061,0.1061
lmsys/vicuna-7b-v1.5,FelixChao/vicuna-7B-physics,0.2662,0.2563,0.0061,0.1061
lmsys/vicuna-7b-v1.5,TinyLlama/TinyLlama-1.1B-intermediate-step-1431k-3T,0.2604,0.2563,0.0061,0.1061
lmsys/vicuna-7b-v1.5-16k,lmsys/vicuna-7b-v1.5,0.5799,0.2208,0.0052,0.0915
lmsys/vicuna-7b-v1.5-16k,PharMolix/BioMedGPT-LM-7B,0.3623,0.2208,0.0052,0.0915
lmsys/vicuna-7b-v1.5-16k,lmsys/vicuna-7b-v1.1,0.2965,0.2208,0.0052,0.0915
lmsys/vicuna-7b-v1.5-16k,FelixChao/vicuna-7B-physics,0.2736,0.2208,0.0052,0.0915
lmsys/vicuna-7b-v1.5-16k,FelixChao/vicuna-7B-chemical,0.2679,0.2208,0.0052,0.0915
lmsys/vicuna-7b-v1.5-16k,TinyLlama/TinyLlama-1.1B-intermediate-step-1431k-3T,0.2487,0.2208,0.0052,0.0915
lmsys/vicuna-7b-v1.5-16k,TinyLlama/TinyLlama-1.1B-Chat-v1.0,0.2425,0.2208,0.0052,0.0915
lmsys/vicuna-7b-v1.5-16k,AdaptLLM/medicine-LLM,0.2359,0.2208,0.0052,0.0915
